"","location"
"1","California"
"2","The US & world of Health Talk Radio"
"3","atrs do gol"
"4","Dublin, Ireland"
"5","Allianz Parque"
"6","Denver, CO"
"7","027"
"8","ENGLAND"
"9","Maryland, USA"
"10","Chicago, IL, USA"
"11","Sacramento, CA"
"12","Benson, NC"
"13","+65"
"14","T: -6.187464,106.733645"
"15","Lima, OH"
"16","London, England"
"17","IAPI"
"18","Rio de Janeiro, Brasil"
"19","Naperville and Elmhurst"
"20","De Witt, IA"
"21","United States"
"22","Boston, MA"
"23","New York City"
"24","Rio de Janeiro, Brasil"
"25","Hervey Bay"
"26","Alba Gu Brth "
"27","United States"
"28","winnipeg manitoba"
"29","Duque de Caxias, Rj"
"30","Sacramento, California"
"31","indonesia"
"32","Evanston, IL"
"33","Roanoke, VA"
"34","Glasgow, Scotland"
"35","Texas"
"36","Tampa, FL & Chennai, India"
"37","Akron,Ohio"
"38","Las Vegas, NV"
"39","Long Beach, CA"
"40","So Gonalo, Laranjeiras"
"41","Birmingham, AL"
"42","Indianapolis, IN"
"43","Trinidad and Tobago"
"44","San Francisco, CA"
"45","Cardiff"
"46","Bandung"
"47","United States"
"48","Japan"
"49","Not in Cardiff, Wales, UK"
"50","Grand Canyon University "
"51","Brasil"
"52","Rio de Janeiro - Brasil"
"53","London"
"54","New Jersey, USA"
"55","Niteri, Rio de Janeiro, Brasil"
"56","United States"
"57","Rio de Janeiro, Brazil"
"58","Bethesda, MD"
"59","Paris, FRANCE"
"60","Descendants 2"
"61","Abergavenny, Wales"
"62","Belm, Brazil"
"63","state of seeking concerts"
"64","England, United Kingdom"
"65","Earth; Milky Way Galaxy "
"66","Wahiawa, HI"
"67","Rio de Janeiro, Brasil"
"68","skechers go walk 2 "
"69","No seu "
"70","Niteri, Rio de Janeiro"
"71","Gaza "
"72","Viajando"
"73","DMV"
"74","The Wirral"
"75","Laranjeiras, Rio de Janeiro"
"76","dimanamana"
"77","Everywhere"
"78","Northbrook, IL"
"79","L'Estany, Barcelona"
"80","The Milky Way"
"81","Tampa, FL"
"82","Lagos, Nigeria"
"83","Not Living In A Tower"
"84","glasgow"
"85","United States"
"86","Indonesia"
"87","Cave of Wonders"
"88","Kjikujikwitk||Eastern Passage "
"89","York UK"
"90","52.070394,-0.506133"
"91","kansas"
"92","BLM"
"93","Harvard University"
"94","Barra do Pira, Rio de Janeiro"
"95","Cornwall, UK"
"96","Global"
"97","Vitria, Brasil"
"98","FL"
"99","Braslia, Brasil"
"100","Boston, MA  New Orleans, LA"
"101","North Carolina, USA"
"102","Cascais, Portugal"
"103","+62"
"104","MA"
"105","Houston, Texas"
"106","Kinda floating around"
"107","Indianapolis, IN"
"108","Complexo do Catarina"
"109","Anchieta, Rio de Janeiro"
"110","Wherever..."
"111","Washington, DC"
"112","Catalunya"
"113"," 206"
"114","http://soundcloudtube.com"
"115","Texas, USA"
"116","Dollard des Ormeaux, Qubec,Ca"
"117","Carlow"
"118","Taiwan(Sanchong,Taipei)"
"119","United States"
"120","ATX"
"121","New York"
"122","South Dakota, USA   "
"123","Pretoria, South Africa"
"124"," "
"125"," "
"126","Cape Town, South Africa"
"127","Singapore"
"128","Boston, MA"
"129","Planet Earth"
"130","Brasil"
"131","Indonesia"
"132","So Gonalo, Brasil"
"133","Nova Iguau, Rio de Janeiro"
"134","Udon Thani"
"135","Glasgow, Scotland"
"136","Philadelphia, PA"
"137","Austin, TX"
"138","London, Ontario, Canada"
"139","Compton, CA"
"140","new jers"
"141","Cuartero, Western Visayas, Phi"
"142","Dallas, TX"
"143","Del Castilho, Rio de Janeiro"
"144","985"
"145","West coast"
"146","London"
"147","Speakers Chair, House of Twits"
"148","Los Angeles, CA"
"149","oak/ucb"
"150","westfield indiana"
"151","Wisconsin, USA"
"152","Grand Junction, Colorado"
"153","New Zealand"
"154","Ohio, USA"
"155","Farnham Surrey"
"156","Brussels, Belgium"
"157","  Amsterd | Sought"
"158","Sociedade Esportiva Palmeiras "
"159","021"
"160","Chicago, Illinois"
"161","Cabo Frio / RJ"
"162","United Kingdom"
"163","United States"
"164","Barbados"
"165","Vila So Luis, Caxias"
"166","Lagos, Nigeria"
"167","New Orleans, LA"
"168","54200"
"169","Icara, Niteri"
"170","Marymount Manhattan '19"
"171","Florida"
"172","Localizandoo"
"173","London, UK (via Sydney)"
"174","Closer than you know "
"175","Houston, TX"
"176","Natal, Parnamirim - RN"
"177","Exit 4"
"178","Little Rock, AR"
"179","H-Town to Trapadoches"
"180","Luz, Nova Iguau"
"181","India"
"182","World"
"183","Designer"
"184","Fact Based World"
"185","Austin, TX"
"186","Snuggled up"
"187","Southern California, U.S."
"188"," Just Be Joyful"
"189","London, European Union "
"190","Norman, OK"
"191","+62 274"
"192","Deutschland"
"193","New York, NY"
"194","Ponta Grossa, Brasil"
"195","RJ"
"196","Albany, NY"
"197","Brussels, Belgium"
"198","THINADHOO DHEKUNU DHAAIRA"
"199","Winnipeg MB Canada. "
"200","027"
"201","Columbia, SC"
"202"," New York "
"203","Rio de Janeiro, Brazil"
"204","Cardiff"
"205","Rio de Janeiro, Brasil"
"206","Cornwall"
"207","So Joo da Serra, Brasil"
"208","Napa, CA"
"209","London, England"
"210","Waterloo, IA"
"211","Sydney, Australia"
"212","Vitoria, Brasil"
"213","Tanzania"
"214","Indonesia"
"215","Rio de Janeiro, Brasil"
"216","Hamburg"
"217","Boston, MA"
"218","Tokyo, Japan"
"219","The winter of our discontent."
"220","Bedford, UK"
"221","Ontario, CA"
"222","dallas, ga"
"223","Minnesota"
"224","gauteng_south africa_earth"
"225","London"
"226","Kensington London "
"227","Gym, Home, or work, "
"228","rj"
"229","Nova Friburgo"
"230","Marion, OH"
"231","Melbourne, Victoria"
"232","England, United Kingdom"
"233","Scottsdale, AZ"
"234","Medelln, Colombia"
"235","Canada!"
"236","Florida, USA"
"237","West Winfield, NY"
"238","We are here."
"239","USA"
"240","BR:LA"
"241","Michigan, USA"
"242","North Georgia"
"243","Maric, Brasil"
"244","England, United Kingdom"
"245","KL - Palo Alto"
"246","London / San Francisco"
"247","Rochester, NY | Terengganu, MY"
"248","harpenden"
"249","Own lane."
"250","Twin Cities, MN"
"251"," 039 "
"252","Featherstone, England"
"253","W/ hunter "
"254","rd"
"255","Dallas, TX"
"256","North Yorkshire"
"257","Brasil,Rio de Janeiro"
"258","Rio de Janeiro, Brasil"
"259","Aurora, IL"
"260","New York City"
"261","San Carlos, CA"
"262","Indonesia"
"263","New Jersey, USA"
"264","Bournemouth"
"265","Pacific Northwest, USA"
"266","Brasil"
"267","Fort Washington, PA"
"268","Arlington, VA"
"269","Indiana, USA"
"270","Ringside"
"271","United States"
"272","Walnut Creek, California"
"273","Vitria, Brasil"
"274","San Mateo County, California"
"275","UK"
"276","Canada"
"277","Rio de Janeiro"
"278","Barra Mansa/RJ/Brasil"
"279","NC"
"280","Kingston, Ontario"
"281","Cabo Frio, peroline"
"282","Rio de Janeiro, Brasil"
"283","Liverpool, England"
"284","Ontario, Canada"
"285","Savannah, GA"
"286","Oakville, ON"
"287","Where all the Koukles are ;)"
"288","Viladecans, Spain"
"289","here"
"290","Probably somewhere with coffee"
"291","Eastern Virginia"
"292","Barcelona, Catalua"
"293","Cambridge, England"
"294","Puta que pariu "
"295","With Izaac"
"296","the emptiness"
"297","Cleveland, OH"
"298","Melbourne, Australia"
"299","idk where im at"
"300","Derbyshire"
"301","Fluminense FC."
"302","Barcelona, Espaa"
"303","New Orleans, Louisiana"
"304","Witbank | Bloemfontein, SA"
"305","Vancouver, British Columbia"
"306","Arbroath"
"307","Bay area"
"308","Minneapolis, MN"
"309","Kings Landing"
"310","Corpus Christi, Texas"
"311","South Africa,Cape Town"
"312","Deep inside Occupied Scotland"
"313","Rio de Janeiro"
"314","Prunedale, CA"
"315","Baltimore, MD"
"316","NYC"
"317","London, England"
"318","Temecula, CA"
"319","19/07 "
"320","Belo horizonte , Brazil"
"321","Cardiff, Wales"
"322","Boston"
"323","South Carolina, USA"
"324","Dallas, TX"
"325","In the hills of New Jersey"
"326","England, United Kingdom"
"327","Pomona, CA"
"328","DC Baltimore            "
"329","Rio de Janeiro, Brazil"
"330","Manchester, England"
"331","uk "
"332","Atlanta, GA"
"333","Bogot"
"334","California, USA"
"335","Ireland"
"336","Anderson SC"
"337","Madison, WI"
"338","Los Angeles, CA"
"339","Trkiye"
"340","Potterhanworth, England"
"341","Cape Town "
"342","UK"
"343","europe"
"344","richmond"
"345","cheshire"
"346","Rotherham, England"
"347","norwich"
"348","Charlotte, North Carolina "
"349","Mars"
"350","Arlington, Texas"
"351","London, England"
"352","Alaska, USA"
"353","Las Vegas, Nevada"
"354","Canary Wharf, London"
"355","Dangerous Woman Tour"
"356","Utah"
"357","Amsterdam, The Netherlands"
"358","Rio de Janeiro https://www.instagram.com/guerreiro_ffc/"
"359","setor sul , Maracan"
"360","WV"
"361","Rahway, New Jersey"
"362","Canton, OH"
"363","Olympia, WA"
"364","San Diego"
"365","European Union"
"366","Fonte Grande, Vitria"
"367","West Yorkshire, England"
"368","Tarrant County, Texas"
"369","Madison, WI"
"370","new jersey USA"
"371","Corner Brook NL"
"372","Chapel Hill NC"
"373","Hell"
"374","Atlanta, Georgia"
"375","BRASIL"
"376","Buton, Sulawesi Tenggara"
"377","Lagos, Nigeria"
"378","Springtown, TX"
"379","London England"
"380","Teh internets"
"381","United Kingdom"
"382","Los Angeles but 's in Detroit"
"383","Gulf Shores, AL"
"384","Edinburgh, Scotland"
"385","Kansas City, Missouri"
"386","Manchester"
"387","Arlington, VA"
"388","+62"
"389","Des Moines, IA"
"390","Youngstown, OH"
"391","c a l i f o r n i a "
"392","027"
"393","Michigan"
"394","New York, NY"
"395","https://goo.gl/OG8Hdn"
"396","Canada"
"397","Somewhere in the country"
"398","South Carolina, USA"
"399","Dallas, TX"
"400","London is my country "
"401","Tampa Bay Area, FL"
"402","London"
"403","Miami, Florida"
"404","climbing to the top"
"405","UK"
"406","Knoxville, Tennessee, USA"
"407","Berea, KY"
"408","Richmond, VA "
"409","Leawood, KS"
"410","the netherlands"
"411","London, UK"
"412","Iloilo City"
"413","Sunderland, England"
"414","Sacramento"
"415","Mumbai - India"
"416","Jacksonville, Florida"
"417"," Antarctica"
"418","Dallas/Fort Worth"
"419","Washington, DC"
"420","New York, NY"
"421","Weston-super-Mare, England"
"422","Michigan"
"423","Jacksonville, FL"
"424","California, USA"
"425","Juiz de Fora (MG)"
"426","Canada"
"427","Somewhere in mexico "
"428","No."
"429","UK"
"430","Florida "
"431","Dubai"
"432","San Francisco, CA"
"433","Norway"
"434","J"
"435","Niteri, Rio de Janeiro, Brasil"
"436","Enschede, Nederland"
"437","When you need to know now"
"438","https://gab.ai/AwakeOne"
"439","canberra"
"440"," We Soar Above All "
"441","Petrpolis, Brasil"
"442","AUSTRALIA"
"443","On my device"
"444","London, England"
"445","Rio de Janeiro, Brasil"
"446","Somewhere on a beach"
"447","Ireland"
"448","The White House"
"449","USA"
"450","Salvador"
"451","T: -26.092691,28.057064"
"452","Beverly Hills, CA"
"453","South Africa"
"454","United States"
"455","Wakefield, Liverpool, London."
"456","Santa Maria de Jetib, Brasil"
"457","Arlington, VA"
"458","Mount Vernon, VA"
"459","Tysons Corner, VA"
"460","Ashburn, VA"
"461","Greater Alexandria, VA"
"462","Washington, DC"
"463","Annandale, VA"
"464","Vancouver, Canada"
"465","Saquarema, Brasil"
"466","A Twee"
"467","Jual Peninggi Badan Tiens"
"468","Waltham, MA"
"469","Chandler, AZ"
"470","Jerez de la Frontera, Espaa"
"471","Lafayette, IN"
"472","26.04.2016  "
"473","Altea, Spain"
"474","Switzerland"
"475","Italy"
"476","West Country, UK"
"477","Dallas, TX"
"478","Naples, Florida"
"479","X"
"480","Georgia "
"481","021"
"482","RU // 21 // NJ"
"483","T: 41.054126,-73.821589"
"484","surrey "
"485","Rio de Janeiro, Brazil"
"486","London, England"
"487","Ypsilanti, MI"
"488","Sheffield, UK"
"489","Jamaica ( Iowa )."
"490","Columbia, SC"
"491","Z.O / 7 REGIAO "
"492","Volta Redonda, Brasil"
"493","RJ"
"494","Warrington"
"495","Close to you"
"496","next to the God's heart "
"497","Boynton Beach, FL"
"498","Brooklyn, NY"
"499","408"
"500","London"
"501","Chicago"
"502","Clonoe, Northern Ireland"
"503","Tucson, AZ"
"504","Parma, OH"
"505","Cornwall"
"506","Niteri, Brasil"
"507","L bre ag do chairde - dod adhlacadh, saighdiir NATO!List = Block!"
"508","America"
"509","arkansas"
"510","west yorkshire"
"511","Hobe Sound Fl"
"512","West Allis, WI"
"513","Michigan, USA"
"514","Brasil"
"515","Unknown"
"516","Durban, Pmburg, Pinetown"
"517","Houston, TX"
"518","Los Angeles, CA"
"519","United Kingdom"
"520","Raleigh, NC"
"521","Wharton, TX"
"522","Dayton, OH"
"523","nashville tn "
"524","Moscow, Russia"
"525","LA"
"526","Sc- janetgordy152"
"527","Florence, Tuscany"
"528","Sussex, England"
"529","Burke, Virginia"
"530","Chantilly, VA"
"531","Rio de Janeiro, Brasil"
"532","Canada"
"533","Rj"
"534","Houston, TX"
"535","Rhineland (Heartland)"
"536","Estdio Nilton Santos"
"537","I'm a travelling man"
"538","Weston, FL"
"539","Austin, TX"
"540","Reno, NV"
"541","South Africa"
"542","Ohio, USA"
"543","Lebanon, OH"
"544","Paraguachi"
"545","Los Angeles, CA"
"546","BayArea,CA."
"547","Sao Paulo, Brazil"
"548","#PNW"
"549","Dubai, United Arab Emirates"
"550","Alabama, Arkansas, Tennessee and Mississippi"
"551","Funkytown, Co. Cork."
"552","Dallas, TX"
"553","London, Paris"
"554","Vitria, Brasil"
"555","Arkansas"
"556","Dallas / Fort Worth"
"557"," o Miami, FL"
"558","Ireland"
"559","United States"
"560","Real America"
"561","Dallas-Fort Worth"
"562","YOW. "
"563","Dallas, TX"
"564","San Jose, CA"
"565","@satsukitv"
"566","Baltimore, MD"
"567","United States"
"568","they/them | FUBM FREE"
"569","Belm, Brasil"
"570","Hungary"
"571","Nova Braslia Niteri"
"572","London * Reading * United Kingdom"
"573","Liverpool, England"
"574","Oporto, Portugal"
"575","Utah"
"576","Fort Worth, TX"
"577","ICT, C-137"
"578","Salvador, Brazil"
"579","Goinia, Brasil"
"580","United Kingdom"
"581","Rio de Janeiro, Brasil"
"582","OT"
"583","Austin, Texas, USA"
"584","Arizona City, AZ"
"585","Ottawa, Ontario"
"586","james.w.jakobs@abc.com"
"587","Devo Books & such"
"588","Rio de Janeiro"
"589","Cambridgeshire/Uxbridge"
"590","Fresno, CA"
"591","Victoria, BC, Canada"
"592","Allison Park, PA"
"593","At the Masquerade"
"594","Beach Lvin"
"595","So Januario, Vasco da Gama"
"596","Minneapolis, Minnesota"
"597","USA"
"598","Wales, United Kingdom"
"599","Rio de Janeiro, Brasil"
"600","Weston-super-Mare, England"
"601","Morumbi . Cicero P. de Toledo"
"602","Texas, USA"
"603","Vanderbijlpark, South Africa"
"604","BRASIL. 10fev2015."
"605","Laranjeiras, Brasil"
"606","Hartford, CT"
"607","Springfield, NE"
"608","Between a rock and a hard place. "
"609","Colorado, USA"
"610","Boston, MA"
"611","Kenosha, WI"
"612","Boogie Wonderland, ON."
"613","H-Town"
"614","Beirut-Lebanon"
"615","Marion, Ohio"
"616","UK"
"617","New Orleans, LA"
"618","Buffalo, NY"
"619","Niteri, RJ, Brasil"
"620","USA"
"621","Anchorage"
"622","Il luogo in cui mi trovo ora."
"623","Colorado Springs"
"624","Austin, TX"
"625","Irrelevant"
"626","Barcelona"
"627","Prague, Czech Republic"
"628","London  NY  Milan  Tokyo "
"629","_Katlehong_[K1]"
"630","Costa Del somewhere near you "
"631","Na sua"
"632","So Paulo, Brasil"
"633","Harlem, NY"
"634","Rio de Janeiro, Brasil"
"635","Austin, TX"
"636","Between Antares & Betelgeuze"
"637","atx"
"638","California"
"639","Nor*Cal"
"640","California, USA"
"641","Rio de Janeiro, Brasil"
"642","Brasil "
"643","Toronto"
"644","Caxias City"
"645","San Francisco | Atlanta"
"646","Pueblo, CO"
"647","London, UK"
"648","@SWlTCHP "
"649","Conscious Lane, NC"
"650","Supernova"
"651","Maracan Setor Sul "
"652","Springs, South Africa"
"653","Baltimore, MD"
"654","San Juan, Puerto Rico"
"655","World"
"656","anakkale, Trkiye"
"657","Bonn, Germany"
"658","Richmond, KY"
"659","Austin, TX"
"660","The Danger Zone"
"661","Malibu, California, USA"
"662","Cleveland to Phoenix"
"663","Em todo lugar"
"664","Halifax, Nova Scotia, Canada"
"665","#TSRA, LTC, #NRA"
"666","Cedar Rapids, IA"
"667","St. Thomas, Virgin Islands"
"668","Paris, France"
"669","Brs de Pina, Rio de Janeiro"
"670","O2L2/6+R"
"671","Saskatchewan, Canadaland"
"672","not important"
"673","Rio de Janeiro, Brazil"
"674","Alameda, CA"
"675","your mom"
"676","Unceded Kanien'keha:Ka Lands "
"677","Midgar"
"678","Ontario Canada"
"679","Montral, Qubec"
"680","870"
"681"," ZN  RJ"
"682","Norwalk, CT"
"683","225"
"684","Stowe VT, USA"
"685","Los Angeles, CA"
"686","Rio de Janeiro, Brazil"
"687","el infinito y ms alla"
"688","I will never tell u ;3"
"689","Birmingham"
"690","pertinho de voc "
"691","Pietermaritzburg//Johannesburg"
"692","Wales, United Kingdom"
"693","Illinois"
"694","England, United Kingdom"
"695",", "
"696","Jakarta"
"697","Rio de Janeiro"
"698","Deutschland"
"699","Dreieich, Germany"
"700","Singapore"
"701","Nevada, USA"
"702","dirty bisexual"
"703","Recife-PE"
"704","Ross, OH"
"705","Volta Redonda - RJ"
"706","United States"
"707","flight784@gmail.com"
"708","eng/esp"
"709","albany, ny"
"710","Dallas, Texas"
"711","Cape Town"
"712","Leominster, England"
"713","known galaxy"
"714","NYC"
"715","California, USA"
"716","Sioux Falls, SD"
"717","MEDELLN Do J  Fallet"
"718","Earth"
"719","USA"
"720","Ypres - Flanders Fields "
"721","United States"
"722","Near Chicago, IL "
"723","Buda, TX"
"724","London"
"725","Verona, New Jersey"
"726","United States"
"727","Glasgow"
"728","New York State"
"729","Wakanda"
"730","California "
"731","Bloomington, MN"
"732","Boss Angeles "
"733","Turku, Finland"
"734","Turkey"
"735","Missouri, USA"
"736","Colorado"
"737","Segredo, Brasil"
"738","North Chicago, IL"
"739","Bazzano (BO)"
"740","Boulder County Colorado"
"741","Somewhere In This Unverse"
"742","New Jersey, USA"
"743","Toronto, Ontario"
"744","Toronto Canada"
"745","The Land of Magical Thinking"
"746","Repblica de la EFTA (deseo) "
"747","por ahi!"
"748","Pittsburgh, PA"
"749","Nashville"
"750","Ridgefield, CT"
"751","Frankfurt on the Main, Germany"
"752","Buffalo, NY"
"753","United States"
"754","North West, England"
"755","Pozna, Polska"
"756","Ontario"
"757","Durban, South Africa"
"758","Starfleet Command, Earth"
"759","Goiabeiras, Vitria"
"760","Nantes, France"
"761","San Francisco, CA"
"762","Ogden, UT"
"763","220 Essie Davison, Clarinda IA"
"764","College Station, TX"
"765","Gujranwala, Pakistan"
"766","  "
"767","Venezuela online"
"768","Birmingham, AL"
"769","     "
"770","Randburg, South Africa"
"771","New Orleans, Louisiana"
"772","14 States across the MidSouth"
"773","Jardim da Penha, Vitria"
"774","Indianapolis, IN"
"775","Houston, TX"
"776","Blackburn"
"777","London, England"
"778","London/Northern Ireland "
"779","Portland, OR"
"780","Toronto"
"781","Trim, Ireland"
"782","San Francisco, CA"
"783","74 Oxford rd,Houghton, JHB"
"784","256  334 "
"785","st.albert "
"786","Oakland, CA"
"787","Florida"
"788","Omaha"
"789","Rio de Janeiro, Brazil"
"790","Venezuela"
"791","Michigan, USA"
"792","Stamford, CT"
"793","So Paulo, Brazil"
"794","Memphis, TN"
"795","Vancouver, British Columbia"
"796","Glo' Up"
"797","Cork Boi!"
"798","Atlanta, GA"
"799","South East Asia"
"800","Baltimore, Maryland"
"801","Calgary, AB"
"802","Nevada"
"803","22.05.17 | 04.06.17"
"804","Ottawa, Ontario"
"805","United States"
"806","954 - 305"
"807","www.lauralarue.com"
"808","Lneburg, Germany"
"809","Clarington, Ohio"
"810","Boise, ID"
"811","Eatonton, GA"
"812","Obat Peninggi Badan Alami"
"813","Atascocita, TX"
"814","Florida, USA"
"815","Frederick, MD"
"816","Antigua and Barbuda"
"817","Charlotte, NC"
"818","A Place"
"819","Rio de Janeiro, Brasil"
"820","San Francisco, CA"
"821","Rio Pinar, FL"
"822","S.E. Michigan USA"
"823","Pittsburgh, PA"
"824","Batroun"
"825","Washington, DC"
"826","Boksburg, South Africa"
"827","Toronto,Canada"
"828","Rio de Janeiro, Brasil"
"829","Arizona, USA"
"830","Atlanta, GA 30314"
"831","Huanuco, Peru"
"832","South Africa, Pretoria"
"833","Pennsylvania, USA"
"834","Philadelphia"
"835","Johannesburg, South Africa"
"836","Salvador "
"837","New York City"
"838","Oxford."
"839","Ogies, South Africa"
"840","RAWsatch Front"
"841","Pretoria || Giyani"
"842","upstate SC"
"843","Pennsylvania"
"844","The Steel City "
"845","Manchester, England"
"846","Port Elizabeth, South Africa"
"847","Birmingham, MI"
"848","Park City, UT"
"849","California, USA"
"850","Port Elizabeth, South Africa"
"851","Midrand, South Africa"
"852","Schodack Center, NY"
"853","Glendale CA"
"854","Washington, DC, USA"
"855","Edmonton, Alberta"
"856","Comfy Chair Pontification. "
"857","Toronto, Ontario"
"858","Kansas City, MO"
"859","Edinburgh, Scotland"
"860","Midwest !!!!"
"861","Northamptonshire"
"862","Johannesburg, South Africa"
"863","United States"
"864","d b n "
"865","Rio de Janeiro, Brazil"
"866","Reus, Repblica Catalana"
"867","Tunisia"
"868","Ely, England"
"869","trololandia"
"870","The Nation's Capital"
"871","Las Vegas, Nevada"
"872","Rio de Janeiro"
"873","New York, NY"
"874","Alabama"
"875","Walsall"
"876","Florida"
"877","North East, England"
"878","Rio de Janeiro, Brasil"
"879","So jose , RS "
"880","Newbury Park, CA"
"881","Married in Rust Belt USA"
"882","Rio de Janeiro"
"883","Somewhere in SoCal"
"884","Im still in bed"
"885","LIVES IN BATH, ME- from New Haven,Ct"
"886","Atlanta, GA"
"887","Midwest"
"888","Ohio, USA"
"889","black isle  and witney "
"890","Ayr, Scotland"
"891","Jacarepagu, Rio de Janeiro"
"892","Mpls"
"893","MUSC - Charleston, SC"
"894","Jefferson City, MO"
"895","DC, LA, and airports worldwide"
"896","End of The Rainbow"
"897","Mishrif, Kuwait"
"898","Stuck in a rut "
"899","Post Falls, ID"
"900","Ottawa, ON"
"901","Volta Redonda"
"902","021"
"903","Santa Rosa, CA"
"904","In my partner's "
"905","Polokwane"
"906","Colorado, USA"
"907","UK"
"908","Potchefstroom, South Africa"
"909","Ireland"
"910","somewhere being cute and bi "
"911","Queenstown/Port Elizabeth"
"912","Rio de Janeiro"
"913","Manchester, England"
"914","Indianapolis, IN"
"915","Otley, England"
"916","Rj"
"917","Nottingham, England"
"918","some cave in some woods"
"919","USA"
"920","Washington, MO"
"921","Pacincia, Rio de Janeiro"
"922","KOTA - RAJASTHAN"
"923","Brasil"
"924","Nevada, USA"
"925","Johannesburg, South Africa"
"926","England"
"927","London"
"928","Newlands east  , South Africa"
"929","North West, England"
"930","Qubec, Qc Canada"
"931","The O.C."
"932","Waimanalo, HI"
"933","Jamaica"
"934","Detroit, MI"
"935","Memphis"
"936","Oulu, Finland"
"937","wakanda"
"938","Whitstable, Kent"
"939","Philadelphia, PA"
"940","Adelaide"
"941","Mpumalanga, Standerton"
"942","Worcester, MA"
"943","Jeddah"
"944","USA"
"945","022"
"946","Dublin, Ireland"
"947","Michigan, USA"
"948","Killeen, TX"
"949","Florianpolis, Brazil"
"950","United States"
"951","Planet Urf"
"952","UK"
"953","Ecuador !! "
"954","United States"
"955","Titusville Pa 16354"
"956","Denver, CO"
"957","Lagos, Nigeria"
"958","Texas  Michigan"
"959","Denmark"
"960","Rio de Janeiro, Brasil"
"961","..."
"962","London / Madrid"
"963","plymouth"
"964","na sua"
"965","Nagpur, Maharashtra, India"
"966","zoras domain"
"967","Texas"
"968","Hemel Hempstead"
"969","iPhone: -22.952206,-43.194134"
"970","Chicago, IL"
"971","Temple, TX"
"972","Quito, Ecuador"
"973","Duque de Caxias , Brasil "
"974","Toronto, Ontario"
"975","Nations Capitol"
"976","Port Elizabeth, SA"
"977","Ventura, California"
"978","Sacramento, CA"
"979","Texas, USA"
"980","So Gonalo, Brasil"
"981","USA "
"982","mariana.atencio@nbcuni.com "
"983","Greece"
"984","California, USA"
"985","Pittsburgh, PA"
"986","Long Island, NY"
"987","Cornwall"
"988","Basel-Stadt, Schweiz"
"989","South Africa"
"990","San Diego, CA"
"991","Atlanta, GA"
"992","England, United Kingdom"
"993","West Hartford, CT"
"994","Washington, DC"
"995","San Francisco, CA"
"996","Hertfordshire"
"997","down yonder to the left"
"998","Copacabana, Rio de Janeiro"
"999","Hogwarts"
"1000","Hondo, TX"
"1001","Republic of Croatia"
"1002","Washington, DC"
"1003","United States"
"1004","American living in Sweden"
"1005","Rio de Janeiro"
"1006","Trenton, NJ"
"1007","So Gonalo, RJ"
"1008","Berlim, Alemanha"
"1009","UK"
"1010","Bahia, Brasil"
"1011","somewhere in the desert"
"1012","Fort Worth, TX"
"1013","Dorchester UK"
"1014","Idaho"
"1015","Miami, FL"
"1016","Atlanta, GA"
"1017","South Africa"
"1018","Cidade Maravilhosa e Perdida"
"1019","Miami, Fl"
"1020","Newcastle Upon Tyne, England"
"1021","Lawton, OK"
"1022","Medicine Hat, Alberta, Canada"
"1023","Earth"
"1024","bk, ny"
"1025","Martinsburg,WestVirginia"
"1026","Braslia, Brazil"
"1027","Laranjeiras, Rio de Janeiro"
"1028","Land of the Dragon's"
"1029","East Belfast "
"1030","Rio de Janeiro ! "
"1031","Pretoria, South Africa"
"1032","Southern California"
"1033"," New York, NY"
"1034","London and all over the world"
"1035","Cicero, IL"
"1036","Rio de Janeiro"
"1037","Bali, Bumi"
"1038","Santa Barbara, CA"
"1039","Ontario, Canada"
"1040","Australia"
"1041","South Africa "
"1042","Jakarta"
"1043","Germany"
"1044","Rio de Janeiro, Brazil"
"1045","Soweto, South Africa"
"1046","Flyover State "
"1047","AZilla, Yo!"
"1048","Beira Rio melhor que Paris"
"1049","World"
"1050","Worldwide"
"1051","Puerto Rico"
"1052","Nova Iguau, Brasil"
"1053","Rio de Janeiro, Brasil"
"1054","UK"
"1055","Free State of Maryland"
"1056","Top Rope "
"1057","1/2 "
"1058","USA"
"1059","Missouri"
"1060","Boston, MA"
"1061","Washington, DC"
"1062","San Antonio, TX"
"1063","Acapulco "
"1064","Dartsville"
"1065","South Carolina, USA"
"1066","Virginia"
"1067","Under These Bitches Skin"
"1068","Seattle"
"1069","West University Place, TX"
"1070","Stanger, South Africa"
"1071","JHB South Africa"
"1072","Michigan"
"1073","Hinterlands of Arkansas, USA"
"1074","California"
"1075","Riyadh, Kingdom of Saudi Arabia"
"1076","Not there                     "
"1077","Angra dos Reis"
"1078","Milano"
"1079","at the end of the rainbow"
"1080","Okc.Oklahoma"
"1081","Buenos Aires, Argentina"
"1082","Plumas Lake, CA"
"1083","GLA"
"1084","Boston, MA"
"1085","Iowa"
"1086","Fairfield, CT; Wayland, MA"
"1087","Rio Bonito, Brasil"
"1088","Milford, CT"
"1089","Orlando, FL"
"1090","London"
"1091","England"
"1092","Not Russia!!  "
"1093","I fuckin vape in LA traffic"
"1094","Where's the nearest pizza joint?"
"1095","@bfr_may  "
"1096","Melbourne, Victoria"
"1097","Los Angeles, CA"
"1098","United Kingdom"
"1099","Sefton Park, Liverpool"
"1100","Watchung, NJ"
"1101","Irvine, CA"
"1102","Brooklyn, NY"
"1103","Chicago"
"1104","Connecticut"
"1105","Surrey, England"
"1106","Lawrence, KS"
"1107","United States"
"1108","Willmar, MN"
"1109","Durban, South Africa"
"1110","U.S."
"1111","East London.Mthatha S.A"
"1112","Glens Falls, NY"
"1113","Burbank, CA"
"1114","Montral, Qubec"
"1115","O'Hara Township, PA"
"1116","Halifax // Unceded Mi'kma'ki"
"1117","St Louis, MO"
"1118","661 , Ca."
"1119","Glastonbury, Somerset, UK"
"1120","bidos/Par"
"1121","Indianapolis, IN"
"1122","Ohio"
"1123","miami"
"1124","Nashville, TN"
"1125","Glastonbury"
"1126","Woonsocket, RI"
"1127","San Diego, California"
"1128","California"
"1129","Austria Turin"
"1130","Ottawa, Ontario"
"1131","Bumblefuck, New Jersey"
"1132","No seu coraozito"
"1133","lancaster, England"
"1134","Potsdam, NY"
"1135","Barra de So Joo"
"1136","Long Island"
"1137","Progressing"
"1138","ire/Catalunya"
"1139","martin.belam@theguardian.com"
"1140","Columbus, OH"
"1141","Berlin, Germany"
"1142","InYourFace"
"1143","New York City"
"1144","Riverdale  Greendale"
"1145","Bra"
"1146","BCN-Catalunya"
"1147","Massachusetts, USA"
"1148","Fun sized spaces"
"1149","  "
"1150","New York"
"1151","Toronto, Canada"
"1152","United States"
"1153","Niteri, Brasil7"
"1154","they/them"
"1155","minding my bidness. "
"1156","UCSF/SFGH"
"1157","Los Angeles, CA"
"1158","LaLa Land"
"1159","Daytona,Florida"
"1160","Maric e no seu"
"1161","Alberta, Canada"
"1162","Clarington, Ontario"
"1163","Hazard, KY"
"1164","Somewhere in Nevada"
"1165","Windhoek, Namibia"
"1166","Las Urbinas 17, Providencia"
"1167","IOWA"
"1168","Kingdom of Wakanda"
"1169","Madison, WI"
"1170","Trumbull, CT"
"1171","New York"
"1172","Minneapolis "
"1173","Port Washington, NY"
"1174","Chicago"
"1175","in a seceret hideout somewhere"
"1176","Randfontein, South Africa"
"1177","Wales"
"1178","Chicago"
"1179","Macei, Brasil"
"1180","Armagh, Northern Ireland"
"1181","JHB | PTA "
"1182","Macei"
"1183","New York"
"1184","block cash masters & hatefulSW"
"1185","South East, England"
"1186","La Plata, Argentina"
"1187","Global"
"1188","Knoxville, Tennessee"
"1189","Tujunga, CA"
"1190","NYC, Long Island, Stamford"
"1191","London"
"1192","Comunidade Nova Braslia"
"1193","Aetherium"
"1194","Kanpur, India"
"1195","Michigan City, IN"
"1196","Pretoria, South Africa"
"1197","Devon"
"1198","Dublin City University"
"1199","Liverpool, England"
"1200","Boca Raton, FL"
"1201","Somewhere"
"1202","somewhere minding mine"
"1203","meta: beijar carlson young"
"1204","Guatemala"
"1205","Somewhere"
"1206","Surabaya"
"1207","the world online"
"1208","CPT x JHB"
"1209","MNL PH"
"1210","Balnerio Cambori"
"1211","Hawaii, USA"
"1212","Lebanon"
"1213","isa mads dia nat kyna"
"1214","PEI"
"1215","Divinpolis, Brasil"
"1216","California, USA"
"1217","Gauteng,Johustleburg,EastRand,"
"1218","Florida, USA"
"1219","Lawndale, Ca"
"1220","Backwoods WA"
"1221","United States"
"1222","a beautiful island in BC"
"1223","Memphis, TN"
"1224","California, USA"
"1225","Sardinia"
"1226","behind you."
"1227","Santiago, Brasil"
"1228","MI by birth, NC by choice"
"1229","Las Vegas, NV"
"1230","jadope"
"1231"," Bravehearted, OH. FEMALE. "
"1232","Boston, MA"
"1233","Chris'lynn Donye' my "
"1234","MindyoBidness"
"1235","Edmonton, Alberta"
"1236","Austin, TX"
"1237","Just outside of Durham"
"1238","Brasil"
"1239","New York, New York"
"1240","Toronto"
"1241","New Braunfels, TX"
"1242","Florida"
"1243","Newfoundland and Labrador"
"1244","Yorkshire Yorkshire Yorkshire."
"1245","Ciudad de mexico"
"1246","Austria"
"1247","New York, NY"
"1248","East Coast"
"1249","Central New York"
"1250","West Virginia"
"1251","El Mundo"
"1252","Santos, Brasil"
"1253","VA"
"1254","New York"
"1255","Hohenfels "
"1256","Santiago, Chile"
"1257","Not Russia "
"1258","Washington, DC/Cleveland, OH"
"1259","Pretoria, South Africa"
"1260","Brooklyn, NY"
"1261","Pembrokeshire"
"1262","gauteng"
"1263","Toronto"
"1264","Anywere I Am Welome"
"1265","T: 50.187467,-5.435642"
"1266","Complexo de Nova"
"1267","Seattle, WA"
"1268","Suitland, MD"
"1269","Nashville"
"1270","London, UK"
"1271","Neverland"
"1272","Dimera Mansion, Salem USA"
"1273","California"
"1274","Rio Grande Valley, TX"
"1275","California, USA"
"1276","Rochester, NY, USA"
"1277","New York, NY"
"1278","Garanhuns, Brasil"
"1279","Virginia"
"1280","Franklin,NJ"
"1281","long island"
"1282","New York, New York"
"1283","Norf Sac"
"1284","Salamanca, Guanajuato"
"1285","United States"
"1286","Born in UK, but now in Italy"
"1287","Fucksgivenville"
"1288","California, USA"
"1289","Madera, CA"
"1290","Canada"
"1291","United Kingdom"
"1292","Bangu, Rio de Janeiro"
"1293","Shirley, MA"
"1294","United States"
"1295","Nova Scotia, Canada"
"1296","pullman Wa "
"1297","Belgrade"
"1298","Boston, MA"
"1299","New York"
"1300","Jacksonville, FL"
"1301","Toronto"
"1302","SJSU!!!!"
"1303","Narberth, PA"
"1304","Redding, CA"
"1305","Hyperbolic time chamber. "
"1306","Core de l'ouest de l'UE "
"1307","New York, USA"
"1308","United States"
"1309","By Sheer Wight of Numbers."
"1310","Houston, TX  Kingwood "
"1311","Rio de Janeiro, Brasil"
"1312","Brooklyn"
"1313","rib / 20 "
"1314","Gotham"
"1315","fluffalo"
"1316","Edenvale, South Africa"
"1317","West Palm Beach, FL"
"1318","Melbourne, Victoria"
"1319","Rio de Janeiro, Brasil"
"1320","Edmonton"
"1321","Rio de Janeiro"
"1322","Paradise Valley, AZ"
"1323","Rio de Janeiro, RJ"
"1324","New Jersey."
"1325","USA, UK, Europe"
"1326","Merseyside"
"1327","Drury"
"1328","Long Island"
"1329","Amsterdam, The Netherlands"
"1330","Tucker, GA"
"1331","snapchat- adamjforrester2"
"1332","Csu Mechanical Engineering "
"1333","Ohio"
"1334","Medford, OR"
"1335","United Kingdom"
"1336","Braslia, Brasil"
"1337","last layer"
"1338","Nilpolis"
"1339","Jozi - M'sotra"
"1340","Southside With Jughead Jones"
"1341","Austin, TX"
"1342","Nashville"
"1343","Maryland"
"1344","NYC"
"1345","South Holland, The Netherlands"
"1346","R.I.P CUATRO "
"1347","Brooklyn, NY"
"1348","Raleigh, NC"
"1349","New York, USA"
"1350","So Paulo, Brasil"
"1351","Kentucky, USA"
"1352","yay area"
"1353","Hull, UK"
"1354","Rio de Janeiro"
"1355","Central Florida"
"1356","Nigeria"
"1357","Alabama, USA"
"1358","Harlow Essex  ..."
"1359","Mxico"
"1360","Pickerington, OH"
"1361","Tucson, AZ"
"1362","south of heaven north of hell"
"1363","United Kingdom"
"1364","England, United Kingdom"
"1365","Bollege Station / San Antonio "
"1366","Riverside, CA"
"1367","Baltimore, MD"
"1368","South Florida via Louisiana"
"1369","Death Star"
"1370","Lawton, OK"
"1371","Thika"
"1372","St. Paul"
"1373","Inglaterra, Reino Unido"
"1374","Montana, USA"
"1375","North Texas"
"1376","ZN"
"1377","Vancouver, British Columbia"
"1378","Laredo, Texas"
"1379","Boston, MA"
"1380","810/217"
"1381","ifnt7"
"1382","Jennings, LA"
"1383","Falls Church, VA"
"1384","Dores do Rio Preto"
"1385","Brasil"
"1386","Salem, OR, USA"
"1387","this house is bitchin'"
"1388","Cheney, WA"
"1389","So Paulo, Brasil"
"1390","Texas, USA"
"1391","Boobtown USA"
"1392","Thetford Norfolk england"
"1393","Austin"
"1394","Wellington, New Zealand"
"1395","Five oh four"
"1396","Vnus"
"1397","Earth"
"1398","Philadelphia, PA"
"1399","Brooklyn, NY"
"1400","united kingdom :)"
"1401","Amelia, VA"
"1402","Cagliari, Italy"
"1403","Washy, Sunderland"
"1404","Brooklyn, NY"
"1405"," "
"1406","DC area"
"1407","Vermont"
"1408","Mafikeng, South Africa"
"1409","Wonderland "
"1410","Brasil"
"1411","Infinity and beyond"
"1412","South Africa - KZN !!"
"1413","/"
"1414","Auckland park, johannesburg "
"1415","Here, There and Everywhere. "
"1416","San Fransisco"
"1417","South Africa"
"1418","south of the mason dixon"
"1419","Telford, England"
"1420","Pretoria, South Africa"
"1421","Leeds, England"
"1422","9001 Wakarusa St, La Mesa, CA"
"1423","Morrow, OH"
"1424","()"
"1425","La Mesa, CA"
"1426","Toronto"
"1427","Rearcross"
"1428","Washington, D.C."
"1429","Fargo, ND USA"
"1430","Chicago, IL"
"1431","Philadelphia, PA"
"1432","Bloemfontein, South Africa"
"1433","Bristol "
"1434","The Earth's Womb"
"1435","Ireland"
"1436","Atlantic, IA"
"1437","New York, NY"
"1438","Cherokee, NC"
"1439","Rustenburg South Africa"
"1440","Warrington, England."
"1441","JB - CJ"
"1442","Ljubljana, Slovenia/EU"
"1443","Norcross, GA"
"1444","Argentina"
"1445","Somewhere Florishing "
"1446","Dee eff dub"
"1447","Decatur, GA"
"1448","Ethiopia"
"1449","Florida, USA"
"1450","Oakland, CA"
"1451","Land of Ooo"
"1452","Fort Meade, Md/Nashville "
"1453","North Carolina"
"1454","Orlando, FL"
"1455"," "
"1456","Brooklyn, NY"
"1457","South Africa"
"1458","Pats, Sox, & Celtics "
"1459","Cambridge"
"1460","DeBary, FL"
"1461","Berkeley, California."
"1462","Yorkshire"
"1463","Cabinda, Angola"
"1464","Kazakhstan"
"1465","where im suppose to be."
"1466","illinois broke by Democrts"
"1467","Southern California"
"1468","morris"
"1469","CU"
"1470","Ventura, California"
"1471","()"
"1472","Upstate NY, USA"
"1473","Washington, DC"
"1474","New Orleans, LA"
"1475","Canada"
"1476","Essex "
"1477","Granvi"
"1478","Wales, United Kingdom"
"1479","Maldivian Tyrannical Regime"
"1480","United States"
"1481","Sacramento, CA"
"1482","The Isle of Ely Fens"
"1483","NYC"
"1484","Delco, PA "
"1485","Minnesota, USA"
"1486","Hull"
"1487","Pretoria X Polokwane"
"1488","South Sioux City, NE"
"1489","Tshwane/Bloemhof, South Africa"
"1490","Live: Tacoma | Work: Seattle"
"1491","Nairobi, Kenya "
"1492","Polokwane,South Africa "
"1493","Blue Lagoon"
"1494","New York"
"1495","South Africa"
"1496","Dubai, United Arab Emirates"
"1497","Somewhere, being awesome"
"1498","NYC"
"1499","Emeryville, CA"
"1500","Cornwall, UK"
"1501","Ireland"
"1502","Cwb"
"1503","Ascurra"
"1504","Rio de Janeiro, Brasil"
"1505","Pittsburgh PA"
"1506","Fort Worth, TX"
"1507","e s s t q"
"1508","Colorado"
"1509","w caitlin / dante"
"1510","United States"
"1511","Blockchain"
"1512","nova brasilia "
"1513","Probably in a truck, somewhere"
"1514","El Paso, TX"
"1515","moon"
"1516","London"
"1517","Immune Booster"
"1518","everywhere like such as"
"1519","Natal, Brasil"
"1520","Springfield, IL"
"1521","pakistan"
"1522","Annapolis, MD"
"1523","Nazareth "
"1524","Elsewhere"
"1525","seattle area"
"1526","Washington, England"
"1527","Braslia DF"
"1528","Houston, Texas"
"1529","Dallas, TX"
"1530","Johannesburg | Cape Town"
"1531","New England, USA"
"1532","Brasil"
"1533","South Africa"
"1534","  (`)()( )(`(`c)(`)"
"1535","Rio de Janeiro, Brasil"
"1536","some food place"
"1537","North West RSA"
"1538","Mar Del Tuy, Buenos Aires"
"1539","United States"
"1540","Rio das Ostras, Brasil"
"1541","On A Mission"
"1542","sunshine , louisiana"
"1543","California, USA"
"1544","On my way!"
"1545","Boston"
"1546","Durban Westville "
"1547","Winchester, UK"
"1548","Georgia"
"1549","Akron, Ohio USA"
"1550","Eureka, CA"
"1551","North Miami Beach, Florida"
"1552","HI"
"1553","Mumbai, India"
"1554","Mpumalanga "
"1555","Texas, USA"
"1556","Spokane, Wa"
"1557","Cleveland, Ohio"
"1558","Behind the trigger #Clownsec"
"1559","she/her; gi j a g c ml s m t v"
"1560","somewhere in the world"
"1561","Wherever You Want Me"
"1562","Newcastle"
"1563","We Internashional!"
"1564","Richboro, PA"
"1565","Chapel Hill, North Carolina"
"1566","Bronx, NY"
"1567","Chicago, IL"
"1568","New York, NY"
"1569","United States"
"1570","Lusaka, Zambia"
"1571","Beijing, People's Republic of China"
"1572","Eagle, ID"
"1573","Slovakia"
"1574","Dover, DE"
"1575","Long Island City, NY"
"1576","Paincourtville, LA"
"1577","England, United Kingdom"
"1578","Johannesburg"
"1579","Chicago"
"1580","Columbus, OH"
"1581","Chicago"
"1582","Arab, AL"
"1583","Toronto, Ontario"
"1584","Gaborone, Botswana & Zimbabwe "
"1585","Montral, Qubec"
"1586","Norway"
"1587","The wild wild west"
"1588","* I've Been Everywhere * Trump the United States of America * #USA #NRA"
"1589","Southern California "
"1590","Phoenix Metropolitan Area"
"1591","U.S.S Discovery"
"1592","Rustenburg."
"1593","Llanelli, Wales"
"1594","London, UK"
"1595","BFE  Ohio University"
"1596","Columbus, OH"
"1597","Spain/UK "
"1598","Queens New York City"
"1599","Rio Grand Valley, NM"
"1600","West Columbia, SC"
"1601","Guilford, Maine"
"1602","Sofa"
"1603","Plotting, USA"
"1604","Richmond Hill, Ontario"
"1605","In Roman's Yard... luxury!"
"1606","South Ockendon "
"1607","Soweto, South Africa "
"1608","minnesota land of 10,000 lakes"
"1609","Brooklyn, NY"
"1610","United States"
"1611","Brasil"
"1612","Metro New York"
"1613","Idk"
"1614","Cleveland"
"1615","Greenville, SC"
"1616","Rio de Janeiro "
"1617","Centreville, VA"
"1618","Decherd, TN"
"1619","Sao Januario"
"1620","Minneapolis, MN"
"1621","Hatfield"
"1622","1/2 bro twins | "
"1623","San Diego, CA"
"1624","UK"
"1625","Milwaukee, WI"
"1626","South Africa "
"1627","Fort Worth, TX"
"1628","Narnia"
"1629","NYC"
"1630","Smith Alberta Canada"
"1631","Hull, England"
"1632","Rockville, MD"
"1633","KweleNgabade"
"1634","Missouri, USA"
"1635","1(3+x)=58"
"1636","London, Ontario"
"1637","United States"
"1638","New York, NY"
"1639","Atlanta | to | BR"
"1640","Stockport, England"
"1641","Lecture hall"
"1642","Dartmouth, NS"
"1643","Germany"
"1644","Camborne, England"
"1645","."
"1646","In the Garden"
"1647","London"
"1648","At his house"
"1649","Estdio Nilton Santos"
"1650","Baton Rouge, LA"
"1651","Arkansas"
"1652","Rio de janeiro"
"1653","T: 32.712541,-117.164504"
"1654","Nova Iguau"
"1655","Baltimore, MD"
"1656","Los Angeles"
"1657","Florida, USA"
"1658","Seoul, Republic of Korea"
"1659","North Phoenix"
"1660","South Africa"
"1661","Campos dos Goytacazes, Brasil"
"1662","London (various)"
"1663","Beautiful Ontario, Canada"
"1664","New Jersey, USA"
"1665","Washington D.C."
"1666","ny baby"
"1667","Monterrey"
"1668","Tucson, AZ"
"1669","Earth somewhere "
"1670","Neverland"
"1671","Sao Paulo, Brazil"
"1672","Wingene "
"1673","New York City / Seattle"
"1674","Northampton, MA"
"1675","Salta"
"1676","Boston, MA"
"1677","United States"
"1678","London"
"1679","San Antonio, TX"
"1680","Toluca, Mxico"
"1681","Beckley, WV"
"1682","   '  , ' "
"1683","Dublin City, Ireland"
"1684","Federal District, Brazil"
"1685","Gauteng , eastrand"
"1686","Bochum (Ga-Broekman)"
"1687","Fowey, UK"
"1688","Michigan, USA"
"1689","Manchester"
"1690","London/Rio de Janeiro"
"1691","Dallas, TX"
"1692","Conway, AR"
"1693","Arlington, VA"
"1694","Ann Arbor, MI"
"1695","Rj"
"1696","Buffalo, NY"
"1697","Columbia, SC"
"1698","Mars"
"1699","Tuttle, OK"
"1700","Seattle, WA"
"1701","Quito, Ecuador"
"1702","Brazil"
"1703","Los Masos, France"
"1704","L.A. West~grew up in SG Valley"
"1705","Delaware & Maine"
"1706","LA"
"1707","Allentown, PA."
"1708","Toronto, Canada"
"1709"," london"
"1710","California, USA"
"1711","she/her or they/them"
"1712","New York"
"1713","Campos dos Goytacazes, Brasil"
"1714","Gettin tf outta here "
"1715","TanjungPinang, Indonesia"
"1716","cape town "
"1717","Washington, DC"
"1718","Mbeya, Tanzania"
"1719","under the sea"
"1720","Georgia, USA"
"1721","Johannesburg, South Africa"
"1722","Los Angeles, CA"
"1723","GA. ALL DAY!!!!"
"1724","Mobile, AL"
"1725","Munich"
"1726","Wherever AA Takes Me"
"1727","Seattle"
"1728","Alhambra, Ca"
"1729","pittsburgh"
"1730","Charlottesville"
"1731","Nuremberg, Germany"
"1732","Lebanon"
"1733","California"
"1734","College Park, MD"
"1735","Baton Rouge, LA"
"1736","Danville, KY"
"1737","Andrade city"
"1738","5034"
"1739","RTP, NC"
"1740","Porto Alegre"
"1741","Harare"
"1742","Chico, Cali"
"1743","Maryland"
"1744","Fuquay-Varina, NC"
"1745","Georgia | Florida | Wisconsin"
"1746","Texas, USA"
"1747","Austin, Queimados"
"1748","Great Malvern, England"
"1749","Houston, TX"
"1750","EAZ6 "
"1751","Italia"
"1752","ucla '20 "
"1753","Europa, The moon.."
"1754","Naperville, IL"
"1755","On a different perspective!"
"1756","England, United Kingdom"
"1757","Texa$"
"1758","St Paul, MN"
"1759","Chapel Hill, NC"
"1760","Salvador, Bahia, Brasil"
"1761","Chapel Hill, NC"
"1762","Washington, DC"
"1763","Edinburgh, Scotland."
"1764","Hawaii, USA"
"1765","Steelers Nation"
"1766","Florida"
"1767","Wales, UK."
"1768","Bulgaria, Razgrad"
"1769","Mexico City"
"1770","Winchester Hills"
"1771","Ahmadabad City, India"
"1772","Peace River  "
"1773","you did well jonghyun, we all love you"
"1774","Baja California, Mxico"
"1775","Top Of The World"
"1776","HUSTLERS PARADISE!"
"1777","Las Vegas / Hogwarts"
"1778","Northern born. Southern based."
"1779","Urban Woods"
"1780","Los Angeles"
"1781","Reston VA"
"1782","toronto"
"1783","T: 38.802671,-77.049333"
"1784","Stone Mountain, GA"
"1785","Berlin"
"1786","Swampton Orlando"
"1787","London"
"1788","Illinois"
"1789","51631"
"1790","#I am the NRA!"
"1791","Texas, USA"
"1792","Osceola, WI"
"1793","Boston, MA"
"1794","Oakland, CA"
"1795","Kingston, Jamaica"
"1796","Terrassa"
"1797","Birmingham , origin Stirling"
"1798","Los Angeles, CA"
"1799","CRHS"
"1800","New York State"
"1801","Ottawa, Ontario"
"1802","where it's warm"
"1803","Georgetown, De."
"1804","Libary"
"1805","Body: Earth, Mind: Cyberspace"
"1806","6ix side"
"1807","United States"
"1808","dreamin' big & playin' hard"
"1809","norwich"
"1810","Florida"
"1811","NO  DA MINHA ME"
"1812","Nunya Bidniss"
"1813","California, USA"
"1814","LOUIS TRICHARDT"
"1815","Of Thoughts"
"1816","Wakanda"
"1817","New York, NY"
"1818","Oklahoma City, OK 73132"
"1819","The Volunteer State"
"1820","Long Beach, CA "
"1821","021"
"1822","United States"
"1823","New York, NY"
"1824"," A LittLe WorLd of My Own"
"1825","      npaf"
"1826","United States"
"1827","Harare"
"1828","Stanford, CA"
"1829","United States"
"1830","Boulder, CO"
"1831","Galveston County, Rep of TX"
"1832","RGV, Texas"
"1833","CA"
"1834","North East UK"
"1835","Manchester, England"
"1836","Honolulu, Hawaii"
"1837","Aldborough, England"
"1838","She"
"1839","Florida, USA"
"1840","Tishomingo, OK"
"1841","United Kingdom"
"1842","Bitola"
"1843","Texas A&M University "
"1844","Delaware, USA"
"1845","So Gonalo, Brasil"
"1846","Hartselle, AL"
"1847","Denpasar - Bali"
"1848","Sacramento, CA"
"1849","stan"
"1850","Louisiana"
"1851","Lower Saxony, Germany"
"1852","California, USA"
"1853","Dallas, TX"
"1854","Corinth, Texas"
"1855","Amsterdam - Bern - Doha"
"1856","Denton, TX"
"1857","Iowa City, IA"
"1858","Michigan, USA"
"1859","Portland | PNW"
"1860","Sanquhar, Scotland"
"1861","Lost somewhere in time"
"1862","Lives in Natoland"
"1863","Washington"
"1864","Sul superior"
"1865","London, UK"
"1866","Sweet Springs, MO"
"1867","Asteroide 265"
"1868","Ripleys believe it or not "
"1869","San Diego"
"1870","Worcester, MA"
"1871","Roswell, NM"
"1872","stanbul, Trkiye"
"1873","No seu coraozinho"
"1874","New York, USA"
"1875","Reitz Park "
"1876","Wales "
"1877","Magazine Pages "
"1878","Bloemfontein"
"1879","United States"
"1880","London, England"
"1881","Marion, Va"
"1882","Miami, FL / Waco, TX"
"1883","Projects"
"1884","India"
"1885","America First, USA"
"1886","Weslaco, TX"
"1887","Brownwood, TX"
"1888","United Kingdom"
"1889","Reynoldsburg, OH"
"1890","Koreatown, Los Angeles"
"1891","Rustenburg, South Africa"
"1892","Sarawak, Malaysia"
"1893","Barcelona"
"1894","Midwest"
"1895","United States"
"1896","Port elizabeth"
"1897","young flu/ baixada/AustinFlu"
"1898","padang"
"1899","US"
"1900","United States"
"1901","Fort Worth, Texas"
"1902","Newburgh, IN"
"1903","Medieval England, Alaska"
"1904","Salford, England"
"1905","Wapda Town, Lahore."
"1906","#PHILLY #HUNGERGAINS"
"1907","Brisbane"
"1908","South Africa"
"1909","Rio de Janeiro, Brasil"
"1910","Pretoria, South Africa"
"1911","Dallas, GA"
"1912","41.387790, -72.896688"
"1913","Appleton, WI"
"1914","#BeThatGirl #NCAT"
"1915","MKE.  "
"1916","New York"
"1917","Baia Mare"
"1918","The Berkeley of the Midwest"
"1919","feeling very chuffed"
"1920","In the Dreamatorium"
"1921","S U B U R B I A  "
"1922","USA - SK"
"1923","rip poppopmike "
"1924","Arlington, TX"
"1925","United States"
"1926","London, England"
"1927","District of Columbia"
"1928","Glendale, CA"
"1929","New Delhi, India"
"1930","Milpitas, CA, USA"
"1931","||Endr||"
"1932","Statesboro, GA"
"1933","Arquibancada"
"1934","Canada"
"1935","Kansas City, MO"
"1936","99%..."
"1937","South Africa"
"1938","Bouncing between Boston and Montral"
"1939","T: 38.884495,-76.893808"
"1940","Scot | Inuit | Skandinavien"
"1941","There is no spoon, USA"
"1942","Inhoaba, Rio de Janeiro"
"1943","Sao Paulo , Brasil"
"1944","Mount Fletcher"
"1945","lancing"
"1946","Phakati Emkonti."
"1947","London, England"
"1948","earth"
"1949","Arizona"
"1950","Polska"
"1951","Londres, UK"
"1952","French Southern and Antarctic"
"1953","my blood type is OG"
"1954","rmcf  ffc  gres portela"
"1955","Phalaborwa, South Africa"
"1956","France"
"1957","Canada"
"1958","707 Richard St PH2"
"1959","Janesville, WI"
"1960","Cloud 9"
"1961","NOLA"
"1962","Asia"
"1963","Manchester, UK"
"1964","Philadelphia, PA"
"1965","Fort Smith, Arkansas"
"1966","Melbourne  (not Florida)"
"1967","Belgium"
"1968","Maharashtra, India"
"1969","shropshire"
"1970","Plymouth, England"
"1971","Manila, Philippines"
"1972","The Mess In My Mind"
"1973","Mandela's Neighborhood, Soweto"
"1974","Chicago suburbs"
"1975","Houston, TX"
"1976","Salvador - Bahia - Brasil"
"1977","499 W 4th Ave Eugene, Oregon"
"1978","Brooklyn, NY"
"1979","United States of Amnesia "
"1980","Dublin, Ireland"
"1981","San Antonio, TX"
"1982","PinkRabbits"
"1983","Salisbury, MD"
"1984","Jackson, Michigan"
"1985","missing eliza"
"1986","Wynantskill NY"
"1987","Venda Limpopo"
"1988","Philadelphia, PA"
"1989","Chertsey, South East"
"1990","Newcastle upon Tyne"
"1991","Toronto, Ontario"
"1992","somewhere loving jung hoseok"
"1993","Johannesburg, South Africa"
"1994","Detroit, MI"
"1995","Slumberland"
"1996","Truro"
"1997","Valhalla & Geneva"
"1998","Liverpool/Barnsley"
"1999","Durban, South Africa"
"2000","United States"
"2001","London"
"2002","California, USA"
"2003","202"
"2004","London"
"2005","Rio de Janeiro, Brasil"
"2006","Northampton "
"2007","Prince Ruperts Tower"
"2008","Austin, Queimados"
"2009","Onde o GPS no pega "
"2010","Mount Royal"
"2011","Elk Grove, CA"
"2012","paradise "
"2013","Wymington"
"2014","Townsville, Queensland"
"2015","New York City"
"2016","mcu"
"2017","United States"
"2018","Georgia College"
"2019","Valencia, Espaa"
"2020","Manchester, England"
"2021","Who Gives A Fuck"
"2022","Toronto, Ontario"
"2023","Santa Clarita, CA"
"2024","Toronto, ON"
"2025","Republic of Croatia"
"2026","South Carolina, USA"
"2027","Madison, Wisconsin, USA"
"2028","Boca "
"2029","Hollywood, Los Angeles"
"2030","VASAI"
"2031","St. Louis"
"2032","Rio de Janeiro, Brazil"
"2033","Washington, D.C."
"2034","UliqCupzyyHuggiesDJGufihs"
"2035","Sharon, MA"
"2036","Dead"
"2037","South africa, Mafikeng"
"2038","Johannesburg, South Africa"
"2039","Twin Cities, MN"
"2040","Durban, Azania"
"2041","Where I Wana Be "
"2042","Antwerpen, Belgium"
"2043","Cape Town/King Williams Town, "
"2044","Worldwide"
"2045","Croatia"
"2046","Hallandale Beach, FL"
"2047","United States"
"2048","Canada"
"2049","Pleasant Grove, UT"
"2050","Ottawa, Ontario"
"2051","Tarragona"
"2052","Johannesburg, South Africa"
"2053","Wales, United Kingdom"
"2054","71 S Washington St. Tiffin, OH"
"2055","East Timor"
"2056","The pathway to more success "
"2057","St Louis, MO"
"2058","NC"
"2059","Rio de Janeiro, Brazil"
"2060","Philadelphia"
"2061","Pittsburgh pa LaRiMeRAvE!"
"2062","Cidade Nova, Manaus"
"2063","West Midlands, England"
"2064","Boston, MA"
"2065","United States"
"2066","Central, Zambia"
"2067","Manarola"
"2068","Midlothian, TX"
"2069"," South Africa"
"2070","Loveland, Co"
"2071","Florida"
"2072","Singapore"
"2073","Canada"
"2074","Ontario, Canada"
"2075","Manchester, UK"
"2076","Galicia"
"2077","somewhere"
"2078","Johannesburg, South Africa"
"2079","Bed"
"2080","Seoul, Republic of Korea"
"2081","Botswana,Gaborone"
"2082","Glasgow, Scotland"
"2083","Durban,Potchefstroom,Stamford"
"2084","ArmeSilencieuse19542045GuerreTranquilleLeContrleDuPeuple#Transhumanisation"
"2085","Morristown, Tn"
"2086","Mississauga, Ontario"
"2087","Somerset"
"2088","Las Palmas de Gran Canaria, Espaa"
"2089","Orange County, NY"
"2090","Houston, TX"
"2091"," #"
"2092","United States"
"2093","PARIS AREA FRANCE "
"2094","#SexPositive Educator For Life"
"2095","Seattle, WA"
"2096","Bihar, India"
"2097","Rutledge, Tennessee"
"2098","Chicago, IL"
"2099","Lancaster County, PA"
"2100","Newcastle,South Africa"
"2101","San Francisco"
"2102","your mom's house"
"2103","na tua"
"2104","North East, England"
"2105","Indonesia"
"2106","Belford Roxo, Brasil"
"2107","Olympic Peninsula, WA"
"2108","Niagara Falls, NY"
"2109","cali baby"
"2110","California, USA"
"2111","Jakarta Timur, DKI Jakarta"
"2112","Charlotte | ATL | DMV"
"2113","kerjen,Srengat, East Java"
"2114","Florida, USA"
"2115","TrumpQuilityBaseAlabama"
"2116","S'ville"
"2117","Philadelphia, PA"
"2118","Scotland, Britain."
"2119","415916"
"2120","india "
"2121","#PlanetYadong"
"2122","viendo stranger things mientras como torta"
"2123","Jaipur, India"
"2124","Milas, Mula"
"2125","Strasbourg, France"
"2126","SE London/Brighton"
"2127","UK"
"2128","Pittsburgh, PA"
"2129"," "
"2130","   "
"2131","Shamsabad, Sirathu, Kaushambi, Utter_Pradesh_INDIA_!"
"2132","Los Angeles, CA"
"2133","Sylacauga, AL"
"2134","Ontario, Canada"
"2135","Los Angeles, CA"
"2136","Alabama, USA"
"2137","Nigeria"
"2138","  "
"2139","Cape Republic"
"2140","South of Saltline"
"2141","Rio de Janeiro, Brasil"
"2142","Kavash"
"2143","Oakville, Ontario_Canada"
"2144","Noida"
"2145","Silver Spring, MD"
"2146","Charleston  ATL  "
"2147","Amsterdam, New Jersey"
"2148","Toronto, Ontario"
"2149","Dominican Republic"
"2150","oregon|landof|letsjustfixitwith|anothertax"
"2151","NotYourTwitterClique"
"2152","San Jose, CA"
"2153","East London, South Africa"
"2154","Medan Kota, Indonesia"
"2155","Los Angeles, CA"
"2156","Seymour, TN"
"2157","Wherever squirrels pose overpopulation issues"
"2158","Silky Milky Way Galaxy"
"2159","France, Yes i'm french "
"2160","United States"
"2161","Los Angeles"
"2162","phantasmagoria"
"2163","East Lansing"
"2164","Cairo/Boro, GA"
"2165","Ye Olde New England"
"2166","Skagit County, WA"
"2167","Stockholm, Sweden"
"2168","Capitola-by-the-Sea, CA"
"2169","Newcastle upon Tyne, UK"
"2170","Coral Springs, FL"
"2171","Wayne,  PA"
"2172","rancho cucamonga "
"2173","Witbank"
"2174","South Africa"
"2175","Tennessee, USA"
"2176","Los Angeles, CA"
"2177","Winnetka, Illinois"
"2178","california"
"2179","Minneapolis"
"2180","Rio de Janeiro, Brasil"
"2181","12/12 e 31/12 os nenm notou"
"2182","London, Ontario, Canada"
"2183","Barcelona"
"2184","Freiburg im Breisgau, Germany"
"2185","NY"
"2186","Paris, France"
"2187","Vienna, Austria"
"2188","America."
"2189","The Netherlands"
"2190","Basra"
"2191","Jozi | South Africa"
"2192","Alabama, USA"
"2193","Queens, NY"
"2194","Ohio"
"2195","South Normanton"
"2196","Nanton, Alberta"
"2197","Forgetaboutit, New Jersey, USA"
"2198","Ontario "
"2199","Tucson, AZ"
"2200","Port Alfred, South Africa"
"2201","Indianapolis, IN"
"2202","Leicester, England"
"2203","Melbourne, FL"
"2204","Surprise, AZ"
"2205","Oak Park, Illinois"
"2206","Seattle, Washington"
"2207","Republic of South Africa"
"2208","Pretoria / Potchefstroom"
"2209","8th & electric "
"2210","indianapolis"
"2211","Durban"
"2212","Itsoseng, North West"
"2213","South Africa, East Rand"
"2214","Portland, OR"
"2215","Edmonton, AB Canada"
"2216","East London/Port Elizabeth"
"2217","Daerah Istimewa Yogyakarta"
"2218","Pretoria/ Johannesburg "
"2219","Southeastern Idaho"
"2220","Foster City, CA"
"2221","Providence, RI"
"2222","The Sinus Valley"
"2223","Who is this Dalton person?"
"2224","harrogate"
"2225","San Marcos, CA"
"2226","Pampa, Texas."
"2227","Macau"
"2228","Bay Area - California"
"2229","Queensland, Australia"
"2230","Hatboro, Pennsylvania, USA"
"2231","Texas Strong"
"2232","So Paulo, Brasil"
"2233","T: 44.951106,-93.293543"
"2234","racine wi"
"2235","United States"
"2236","Mexico"
"2237","Bakersfield, CA"
"2238","NJ|PHL|NYC"
"2239","Atl"
"2240","Redskins Nation USA"
"2241","  Oklahoma "
"2242","Wisconsin"
"2243","NYC"
"2244","USA"
"2245","Texas"
"2246","Los Angeles, CA"
"2247","Somewhere in Arizona, honest."
"2248","Washington, DC"
"2249","Maine, USA"
"2250","nun ya"
"2251","United Kingdom"
"2252","Indonesia"
"2253","Mwanza"
"2254"," USA"
"2255","North Texas"
"2256","Philadelphia, PA"
"2257","London, England"
"2258","Chicago"
"2259","El Salvador"
"2260","Pennsylvania, USA"
"2261","Sandia Knolls, NM / Nomad, US"
"2262","Panama"
"2263","Manchester, England"
"2264","With Daniel at the SGC"
"2265","Houston/Chicago"
"2266","Novato, CA"
"2267","Cleveland, OH"
"2268","Anguilla"
"2269","Missouri, USA"
"2270","Chicago, IL"
"2271","Irving, TX"
"2272","New York, NY"
"2273","AZ"
"2274","East Memphis"
"2275","Oslo, Norway"
"2276","Philadelphia"
"2277","New York, NY"
"2278","Botha-Bothe Lesotho bruh "
"2279","BloomingtonNormal, Illinois"
"2280","south wales"
"2281","Twin Cities, MN"
"2282","International"
"2283","Atlanta, GA"
"2284","London, England"
"2285","Roseville, MN"
"2286","New York, NY"
"2287","Southern California"
"2288","RJ - 40C"
"2289","Crdoba, Argentina"
"2290","Duque de Caxias e Nilpolis"
"2291","Great Britian"
"2292","Michigan, USA"
"2293","Belgium"
"2294","Simsbury, Connecticut "
"2295","Nova Iguau, Brasil"
"2296","Florida"
"2297","South Africa"
"2298","Huntington Beach, CA"
"2299","Where the doggos are"
"2300","Paris/Jaca"
"2301","Pearland, TX"
"2302","London "
"2303","United States"
"2304","Georgia"
"2305","Canada"
"2306","Rio de Janeiro, Brasil"
"2307","Planet Internet"
"2308","HELL TRAP, LOS ANGELES "
"2309","Brooklyn, NY (4802 Tenth Ave)"
"2310","Panama"
"2311","ipoh, perak, malaysia."
"2312","Texas"
"2313","Brazil"
"2314","United States"
"2315","Rio de Janeiro"
"2316","Nine oh one"
"2317","NC 704 "
"2318","Scotland, United Kingdom"
"2319","Whitley Bay, England"
"2320","Oklahoma, USA"
"2321","Rio de Janeiro"
"2322","third planet"
"2323","Sioux City, IA"
"2324","North Carolina, USA"
"2325","Rio de Janeiro - Brasil"
"2326","Mississippi"
"2327","Silsoe Bedfordshire"
"2328","Los Angeles, California"
"2329","Belford Roxo, Brasil"
"2330","They/them"
"2331","Gainesville, FL"
"2332","With Your Dadatopia, GA"
"2333","East coast United States"
"2334","london uk"
"2335","Niteri, Brasil"
"2336","Southern Cal."
"2337","Braslia, Brasil"
"2338","West Virginia University"
"2339"," Sur de Puerto Rico"
"2340","Chicago"
"2341","Brooklyn, NY "
"2342","United States of America "
"2343","STILL wide awake?"
"2344","Santa Clarita, CA"
"2345","Atlanta, GA"
"2346","Bloemfontein, South Africa"
"2347","So Pedro da Aldeia, Brasil"
"2348","Harrison, New York"
"2349","Norfolk, Virginia"
"2350","Chicago, IL"
"2351","Somewhere blending in. "
"2352","North Carolina, USA"
"2353","Tennessee, USA"
"2354","Rhode Island "
"2355","Connecticut, USA"
"2356","hawkins"
"2357","San Antonio, TX"
"2358","Itaipu, Niteri"
"2359","Laranjeiras"
"2360","UK"
"2361","ghana"
"2362","Austin, TX"
"2363","MH"
"2364","Saudi Arabia"
"2365","Johannesburg"
"2366","Gent"
"2367","Europe"
"2368","Canandaigua, NY"
"2369","Orlando, FL"
"2370","Itaocara - RJ"
"2371","money trail "
"2372","Hialeah, FL, US, 33012"
"2373","UK"
"2374","Dallas, Texas"
"2375","Walnut Creek, CA"
"2376","Shenzhen, China"
"2377","Baltimore, MD"
"2378","USA"
"2379","Port Angeles, WA"
"2380","Rochester, NY"
"2381","Florida"
"2382","Pensacola, FL"
"2383"," We found wonderland You and I"
"2384","Kuala Lumpur, Malaysia"
"2385","Amid Finger Lakes wine"
"2386","South East, England"
"2387","Richmond, British Columbia"
"2388","long island NY"
"2389","London, UK"
"2390","Montville, NJ"
"2391","No corao da Alicy "
"2392","Hawaii"
"2393","San Jose, Ca"
"2394","Rio de Janeiro"
"2395","New Orleans News Anchor"
"2396","Seattle, WA"
"2397","away"
"2398","Toronto, Canada"
"2399","Houston, TX"
"2400","Manhattan Beach, CA"
"2401","Neverland"
"2402","Chicago, IL"
"2403","Sioux Falls, SD"
"2404","Where The Fun Is"
"2405","New York, USA"
"2406","Winnipeg, MB"
"2407","England"
"2408","iPhone: -6.170975,106.838004"
"2409","Rocky Hill, CT"
"2410","Coeur d'Alene, ID"
"2411","USA-TN-Great Smoky Mtns"
"2412","Washington, USA"
"2413","Somewhere in the south...."
"2414","Geneva, Switzerland"
"2415","Cosmos, Rio de Janeiro"
"2416","Summerville, SC"
"2417","Cheshire, England"
"2418","Ga-Rankuwa"
"2419","Makati"
"2420","Rio de Janeiro, Brasil"
"2421","Vassouras, Brasil"
"2422","San Antonio, Texas"
"2423","Riddiming"
"2424","usa"
"2425","Dundee, Scotland"
"2426","Latitude 0"
"2427","Palembang "
"2428","New Jersey, USA"
"2429","AMERICA"
"2430","Corpus Christi, TX"
"2431","Washington D.C."
"2432","Lillian, Alabama"
"2433","Rio de Janeiro, Brasil"
"2434","Garden Grove, CA"
"2435","The NEC, Birmingham, B40 1NT"
"2436","Origins East London, Now Essex"
"2437","Thailand"
"2438","Pretoria, South Africa"
"2439","Tennessee, USA"
"2440","Brooklyn, NY"
"2441","Marshalltown, IA"
"2442","Ann Arbor, MI"
"2443","Richmond, VA"
"2444","Harding/Durban/Richards Bay "
"2445","Raleigh, NC"
"2446","birms"
"2447","Durham, NC"
"2448","Braslia"
"2449","Guarapari/ES "
"2450","Zero27"
"2451","SF Bay Area"
"2452","3981 Zarthan Ave S, SLP, MN"
"2453","Jonesborough, TN"
"2454","Georgetown, TX"
"2455","Crato, Brasil"
"2456","South Boston, Boston"
"2457","Aloha, OR"
"2458","So Janurio // Juninho "
"2459","Atlanta, GA"
"2460","Amherst, Massachusetts "
"2461","Rio de Janeiro, Brazil"
"2462","Cypress, CA"
"2463","Kansas City, Missouri, USA"
"2464","Jou-ls-Tours, France"
"2465","Chicago, IL"
"2466","Home"
"2467","Muncie, IN"
"2468","San Francisco, CA"
"2469","Peel, Ontario"
"2470","United States"
"2471","Lebanon"
"2472","815 / ISU / 573"
"2473","Nil Satis Nisi Optimum "
"2474","Caxias city"
"2475","St Paul, MN"
"2476","Brussels, Belgium"
"2477","sky full of stars."
"2478","Cheshire "
"2479","Cabo Frio - RJ "
"2480","Panam."
"2481","Arizona, USA "
"2482","New England"
"2483","Wakanda,Florida"
"2484","Chicago, IL"
"2485","Chile"
"2486","San Francisco, California"
"2487","Johannesburg, South Africa"
"2488","Oakland, CA"
"2489","Durban south africa"
"2490","North East coast"
"2491","Falls Church, VA"
"2492","Lithonia, GA"
"2493","United States"
"2494","Stillwater, OK"
"2495","Mesquite, Texas. USA"
"2496","Rio de Janeiro, Brasil"
"2497","Louisiana"
"2498","Fort Worth, TX"
"2499"," Pretoria x Johannesburg "
"2500","United States"
"2501","Brewster, OH"
"2502","Hogwarts"
"2503","Rio de Janeiro, Brasil"
"2504","Santa Cruz, California"
"2505","Finneytown, OH"
"2506","West Lafayette, IN"
"2507","Durban, South Africa"
"2508","Wyomissing, PA"
"2509","Brussels"
"2510","OHIO"
"2511","Harlem NY"
"2512","Amsterdam, The Netherlands"
"2513","Raleigh, NC"
"2514","Somewhere praying for you"
"2515","Queen City, NY"
"2516","Johannesburg, South Africa"
"2517","Madison, WI"
"2518","Austin, TX"
"2519","Oregon, USA"
"2520","Arizona"
"2521","Missouri, USA"
"2522","Hospital del Nio, Panama"
"2523","Durham, NC"
"2524","Soweto, South Africa"
"2525","Chicago, IL"
"2526","Harrisburg"
"2527","Shreveport, LA"
"2528","Austin, TX"
"2529","Hyderabad "
"2530","London"
"2531","London UK"
"2532","Ontario,Canada"
"2533","Portland, OR"
"2534","301 to 305"
"2535","newfoundland"
"2536","Miami Beach, FL"
"2537","Monterey, CA"
"2538","Sebokebg Gauteng"
"2539","Kinghorn, Scotland"
"2540","Mother Earth"
"2541","Johannesburg, South Africa"
"2542","Vatan topraklar"
"2543","Ramoji Film City, Hyderabad"
"2544","Maracan, setor Sul"
"2545","Rosario, Argentina"
"2546","gaylord sewage lagoon"
"2547","Minnesota"
"2548","Miami, New York, PR"
"2549","Chapel HIl, NC "
"2550","insta : _hahahanis"
"2551","Chandigarh, India"
"2552","Houston, Texas"
"2553","West Coast, US"
"2554","Carcosa"
"2555","United States"
"2556","Chicago"
"2557","Buffalo, NY"
"2558","Colorado"
"2559","On my Own Planet "
"2560","Maine, USA"
"2561","708"
"2562","#UniteBlue in Semi-Red State"
"2563","Blue in a red leaning state"
"2564","Oklahoma, USA"
"2565"," , Rajasthan"
"2566","Nottingham"
"2567","United Kingdom"
"2568","Bracknell UK"
"2569","Las Vegas, NV"
"2570","Alameda, CA"
"2571","Lincoln Park, Chicago, IL "
"2572","Bronx, New York "
"2573","Iloilo City, Western Visayas"
"2574","Ecuador"
"2575","Atlanta"
"2576","13 Distrito"
"2577","Los Angeles"
"2578","Tallahassee, FL"
"2579","Witbank "
"2580","UK"
"2581","Phoenix / In your Kindle"
"2582","California, USA"
"2583","Soweto, South Africa"
"2584","NFBUFROC "
"2585","Texas, USA"
"2586","St. George"
"2587","Louisiana"
"2588","Florida, USA"
"2589","bxd "
"2590","Stafford, VA"
"2591","United States"
"2592","Milton Keynes"
"2593","Islington, London"
"2594","Alexandria, VA"
"2595","Pretoria"
"2596","Toronto, Ontario"
"2597","Seropdica, Brasil, RJ"
"2598","Wisconsin, USA"
"2599","manchester"
"2600"," Lander Wyoming"
"2601","New York, NY"
"2602","London, UK"
"2603","Texas, USA"
"2604","Aapse matlb"
"2605","Chicago, IL"
"2606","New Delhi, India"
"2607","Fatih, stanbul"
"2608","New Donk City"
"2609","Pirate Ship Revenge"
"2610","#thib"
"2611","Ashland, OR, USA"
"2612","bhopal"
"2613","Arizona, USA"
"2614","Rio de Janeiro - xerem "
"2615","Dragonstone"
"2616","Rehoboth Beach, DE"
"2617","Par, Brasil"
"2618","UK"
"2619","Washington, DC / London"
"2620","London, England"
"2621","Santa Cruz, ZO."
"2622","Canada"
"2623","Campo Grande, Rio de Janeiro"
"2624","Pretoria"
"2625","St Albans"
"2626","College Station, TX"
"2627","Johannesburg, South Africa"
"2628","New York, NY"
"2629","West Chester Ohio"
"2630","Johannesburg south africa"
"2631","The Matrix "
"2632","secluded shore @ route 12"
"2633","803"
"2634","Mid-Atlantic States Region"
"2635","Novi Sad"
"2636","Rio de Janeiro, Brasil"
"2637","Washington DC USA"
"2638","Tucson AZ"
"2639","United States"
"2640","Florida, USA"
"2641","London, England"
"2642","Melbourne"
"2643","Monaco - France"
"2644","Earth"
"2645","Paris, France"
"2646","West Andromeda "
"2647","Portland, Maine"
"2648","Kalighat.Kolkata"
"2649","Lakewood, NJ"
"2650","GENAHSYDE"
"2651","Pennsylvania, USA"
"2652","United States"
"2653","610"
"2654","London"
"2655","Easley, SC"
"2656","Just returned to USA from 29 yrs exile in Europe"
"2657","Surprise, AZ"
"2658","Atlanta, GA"
"2659","Millbrook AL"
"2660","na merda "
"2661","United Kingdom"
"2662","Alpharetta, GA, USA"
"2663","on military"
"2664","D Town"
"2665","Epsom"
"2666","Rio de Janeiro, Brazil"
"2667","Rio de Janeiro, Brasil"
"2668","Brooklyn Girl in LA"
"2669","Hartford"
"2670","Waterford , Rep of Ireland"
"2671","San Francisco, CA"
"2672","mallorca"
"2673","British and Proud"
"2674","So Gonalo, Brasil"
"2675","France"
"2676","India"
"2677","sacramento, california"
"2678","east hackney"
"2679","United States"
"2680","Indianapolis, IN"
"2681","California"
"2682","Pretoria, South Africa "
"2683","Seattle, WA"
"2684","New Jersey, USA"
"2685","Feudal Staffordshire"
"2686","United Kingdom"
"2687","Brown County, WI"
"2688","Helena, MT"
"2689","Dallas, TX"
"2690","California, USA"
"2691","Kami's Lookout"
"2692","miami,florida"
"2693","Beautiful city"
"2694","galaxy"
"2695","Manchester, England"
"2696","Minnesota, USA"
"2697","Valparaiso, Indiana"
"2698","Beijing, People's Republic of "
"2699","Port Huron, Michigan"
"2700","Dayton, OH"
"2701","Citizen of the Internet"
"2702","Michigan, USA"
"2703","Washington, DC"
"2704","Salvador, Brazil"
"2705","TX"
"2706","1001 Main St. Northampton, PA"
"2707","New Jersey"
"2708","Arlington, VA"
"2709","Indonesia"
"2710","Santa Crime , Rj"
"2711","Brentwood, TN"
"2712","Gem City to the Swamp"
"2713","Long Beach, New York"
"2714","LA-NYC "
"2715","Florida"
"2716","Texas, USA"
"2717","LLH Avenue"
"2718","Ohio, USA"
"2719","New York, (From PK -Hong Kong)"
"2720","Johor "
"2721","Johannesburg | Mafikeng"
"2722","Sverige"
"2723","Keagan Santo"
"2724","West Palm Beach, Florida"
"2725","Los Angeles, CA"
"2726","Cranbury, NJ"
"2727","Onyx Hotel"
"2728","Volta Redonda, Rio de Janeiro"
"2729","530"
"2730","S California"
"2731","Jakarta, Indonesia"
"2732","Over the Jersey State Line"
"2733","Midrand"
"2734","genius town USA"
"2735","South Africa"
"2736","Helsinki, Finland"
"2737","lat 34.151313 long -118.453328"
"2738","Texas, USA"
"2739","Madrid"
"2740","Fort Lauderdale, FL"
"2741","Salvador - Bahia"
"2742","Atascocita, TX"
"2743","Florham Park, NJ"
"2744","Azania"
"2745","free state"
"2746","Bloemfontein, South Africa"
"2747","Dartmouth, Nova Scotia, Canada"
"2748","bmv."
"2749"," Within a wrinkle in time"
"2750","147 Tri Sab Lane, Indianapolis"
"2751","Uppsala, Sverige"
"2752","Washington, DC"
"2753","Randburg, South Africa"
"2754","A Galaxy Far, Far Away"
"2755","4mths to go"
"2756","Pretoria, South Africa"
"2757","Singapork"
"2758","Holland"
"2759","Vancouver, British Columbia"
"2760","Laxmangarh, India"
"2761","Lexington, MA"
"2762","New York"
"2763","Indonesia"
"2764","England, United Kingdom"
"2765","Kwelika Banana  "
"2766","Ubiquitous"
"2767","Antigua "
"2768","Rio de Janeiro, Brasil"
"2769","Puerto Rico"
"2770","Cloud 9"
"2771","Brazil"
"2772","NYC"
"2773","Nilpolis, Brasil"
"2774","Between Hillbrow & The Moon"
"2775","Moscow, Russia"
"2776","., ."
"2777","Ann Arbor"
"2778","edgewater"
"2779","904-757"
"2780","New York, NY"
"2781","Indonesia"
"2782","Nebraska, USA"
"2783","East London, South Africa"
"2784","Washington, DC"
"2785","Ohio, USA"
"2786","Chicago"
"2787","Utah, USA"
"2788","London, England"
"2789","Spokane, WA"
"2790","Limpopo Born, Pretoria Nigga."
"2791","Tomb of Tomes"
"2792","Austin TX"
"2793","Ruimsig"
"2794","Watterson (3/5) "
"2795","SF Bay Area, CA"
"2796","Brisbane, AU"
"2797","Amsterdam, Niederlande "
"2798","Beeston, England"
"2799","Ngawi, Indonesia"
"2800","Rio de Janeiro, Brasil"
"2801","Bilderberg Hotel"
"2802","Johannesburg, South Africa"
"2803","Tucson, AZ"
"2804","Brisbane, Australia "
"2805","Windhoek"
"2806","Bakersfield ca"
"2807","Melbourne, Australia"
"2808","Australia"
"2809","Adelaide, Australia"
"2810","Sydney, Australia"
"2811","Chennai"
"2812","Sandton, South Africa"
"2813","Hummelstown, PA"
"2814","Firenze "
"2815","Atlanta, GA"
"2816","Georgia, USA"
"2817","San Francisco, CA"
"2818","Washington, DC"
"2819","Cleveland, OH"
"2820","The Shire"
"2821","Pretoria, South Africa"
"2822","Brooklyn, NY"
"2823","Osaka Jpn"
"2824","iPhone: 33.987902,-118.374930"
"2825","Dhaka,Bangladesh"
"2826","415 510 559 alwayz"
"2827","Kingdom of Saudi Arabia. Pakistan"
"2828","Tucson, AZ"
"2829"," "
"2830","United States"
"2831","Caribbean"
"2832","South Africa "
"2833","Washington, DC"
"2834","Birmingham, England"
"2835","I'm behind the dark matter."
"2836","Bacanya dari kanan coba"
"2837","Eastern NC"
"2838","South Africa"
"2839","Rio de Janeiro, Brasil"
"2840","Rome, Italy"
"2841","Newark, Ohio"
"2842","Pomona, CA"
"2843","No seu quarto "
"2844","Santa Barbara"
"2845","California USA"
"2846","Hackensack, NJ"
"2847","Soweto, South Africa"
"2848","Columbus, OH"
"2849","being her DJ"
"2850","Utah"
"2851","Miami, FL"
"2852","Earth "
"2853","Memphis, TN"
"2854","Port Elizabeth "
"2855","Penzance "
"2856","Johannesburg South Africa"
"2857","Illinois"
"2858","Franklin, WI"
"2859","Baton Rouge, LA"
"2860","sd card"
"2861","Shell Beach, CA"
"2862","South Africa"
"2863","Rabya, Lebanon"
"2864","Cebu City, Central Visayas"
"2865","Prince Edward Island, Canada"
"2866","Queen Anne's County Maryland"
"2867","New York, NY"
"2868","Uk"
"2869","Tampa, FL"
"2870","""United"" States of America"
"2871","Ficksburg"
"2872","Panama City, FL"
"2873","Charleston, SC"
"2874","Detroit, MI"
"2875","Hamburg, Germany"
"2876","Phoenix, AZ"
"2877","Baton Rouge, LA"
"2878","Vredefort, South Africa"
"2879","ID NV OR WA MT UT WY HI"
"2880","Mumbai, Maharashtra"
"2881","So Joo de Meriti, Brasil"
"2882","Columbus, OH"
"2883","Nelspruit/Pretoria"
"2884","Durban, South Africa"
"2885","NoVA, USA"
"2886","Rio de Janeiro, Brasil"
"2887","Atlanta,Ga "
"2888","Oshawa - Ontario - Canada"
"2889","Chicago, IL"
"2890","MONTGOMERY COUNTY,MD"
"2891","saudi arabia"
"2892","Austin, Texas"
"2893","Alexandria, VA"
"2894","Portland, OR"
"2895","Senntisten - Forinthry"
"2896","South Africa"
"2897","Rhode Island, USA"
"2898","Jakarta, Indonesia"
"2899","S T O N E  M O U N T A I N, GA"
"2900","philadelphia"
"2901","Baguio City, Cordillera Admin"
"2902","Decatur Raised  Zone 6 "
"2903","Canada"
"2904","Arlington, VA"
"2905","Huntersville, NC"
"2906","north of the wall"
"2907","NEW YORK"
"2908","United States"
"2909","Rochester, NY"
"2910","San Francisco"
"2911","Crescent City, CA"
"2912","Baltimore, MD"
"2913","The Bay Area"
"2914","Rhode Island"
"2915","Wildwood C.C."
"2916","IN "
"2917","Rio de Janeiro, Brasil"
"2918","Connecticut"
"2919","desus will rise"
"2920","Monterey Bay Area, California"
"2921","Raleigh, NC"
"2922","London, Ontario, Canada"
"2923","Mabopane, South Africa"
"2924","Snapchat: Joycouture "
"2925","These United States"
"2926","Nairobi"
"2927","Lloret de Mar, Girona"
"2928","State College, PA"
"2929","No  da sua conta"
"2930","Maracan, Setor Sul."
"2931","Rio de Janeiro, Brasil"
"2932","DTXLAFFY"
"2933","Johannesburg, South Africa"
"2934","Lost Angeles"
"2935","Tembisa, South Africa"
"2936","Ka ntlhela Ga Skontiri... PTA"
"2937","Pretoria"
"2938","Boston, MA"
"2939","845"
"2940","New York, NY"
"2941","Headquarters in Fort Worth, TX"
"2942","Joburg,South Africa"
"2943","Colorado, USA"
"2944","Bangladesh"
"2945","on the road"
"2946","Port Shepstone, South Africa"
"2947","In the US or underwater"
"2948","South Bay, CA"
"2949","Albuquerque, NM"
"2950","Johannesburg, South Africa"
"2951","Canada"
"2952","Lehigh Valley, PA/NJ"
"2953","Benghazi , Libya."
"2954","VA"
"2955","AUC"
"2956","Fountain Valley, CA"
"2957","Washington, DC"
"2958","Harlingen, TX"
"2959","SAN DIEGO"
"2960","Fort Myers, FL"
"2961","Africa"
"2962","Port Saint Johns, South Africa"
"2963","Phuthaditjhaba, South Africa"
"2964","Brussels"
"2965","Spain"
"2966","Durban, South Africa"
"2967","02184"
"2968","Johannesburg, South Africa"
"2969","the6ix "
"2970"," @Biotech365 "
"2971","Atlanta, GA"
"2972","kampala, uganda"
"2973","Place On Earth"
"2974","New York, NY"
"2975","Washington, DC"
"2976","Nkowankowa, South Africa"
"2977","Jual Peninggi Badan Tiens"
"2978","San Diego, CA"
"2979","Pelotas"
"2980","Muncie, IN"
"2981","uzay"
"2982","South Africa, Durban"
"2983","Bloemfontein"
"2984","Pretoria, South Africa"
"2985","Bloemfontein, South Africa"
"2986","In a Free State state of mind"
"2987","Jamin' in New York"
"2988","York, England"
"2989","Internationally Read"
"2990","Florida, USA"
"2991","Louisiana Proud"
"2992","Balnerio Cambori - SC"
"2993","Francisco Beltro, Brasil"
"2994","Pretoria, South Africa"
"2995","San Francisco, California"
"2996","Nuneaton, England"
"2997","Amherst, NY"
"2998","@eneldollar"
"2999","Rio de Janeiro, Brasil"
"3000","South East, England"
"3001","Philadelphia,Pa"
"3002","Birmingham, Alabama"
"3003","England, United Kingdom"
"3004","District of Columbia, USA"
"3005","United States"
"3006","Nairobi, Kenya"
"3007","Rio de Janeiro, Brasil"
"3008","Canada"
"3009","Potatoland"
"3010","LOO La ZOKIES"
"3011","London"
"3012","Reading, UK"
"3013","San Pedro, Los Angeles"
"3014","Pretoria"
"3015","New York, USA"
"3016","Ontario"
"3017","Hampton, VA"
"3018","Springfield, MA"
"3019","HIDDEN HILLS, PTA"
"3020","Iligan City, Northern Mindanao"
"3021","Santiago, R. D."
"3022","Greece"
"3023","Longview Texas"
"3024","Instagram: Lucaslongennn"
"3025","PDXXX"
"3026","Aelion"
"3027","Fort Worth, TX"
"3028","Albany, NY"
"3029","Harlem, USA"
"3030","Malaysia"
"3031","Mdantsane, South Africa"
"3032","Wallingford, UK "
"3033","London"
"3034","Belfast"
"3035","Don't go there"
"3036","Tanzania"
"3037","South East England"
"3038","Utah"
"3039","Bay Area, CA"
"3040","Somewhere Alone "
"3041","Iwade, England"
"3042","Zimbabwe"
"3043","Texas, USA"
"3044","Seattle, WA"
"3045","NorCal, USA"
"3046","South Africa"
"3047","JHB"
"3048","Dallas, TX"
"3049","Shahdadpur Sindh"
"3050","United States"
"3051","Pretoria"
"3052","Cambridge, England"
"3053","Wichita, KS"
"3054","arkham"
"3055","#PleaseDoNotBuyTheDailyMail"
"3056","Ontario"
"3057","Knoxville, TN"
"3058","brasil ilheus-bahia"
"3059","Ciudad Autnoma de Buenos Aire"
"3060","Erie, PA"
"3061","Rio de Janeiro, Brasil"
"3062","South East, England"
"3063","Atlanta, GA"
"3064","Bessemer, AL"
"3065","Arusha, Tanzania"
"3066","New York City"
"3067","Houston/Grambling/Dallas"
"3068","Vireeniging"
"3069","   "
"3070","Beika town  Poirot Caf"
"3071","Cortland, NY"
"3072","Puncak Alam"
"3073","Benoni, Ekurhuleni"
"3074","Bryan Lucas "
"3075","montgomery, al"
"3076","Southfield, MI"
"3077","Los Angeles"
"3078","free wifi area "
"3079","London"
"3080","Richmond, VA"
"3081","Pretoria, South Africa"
"3082","United States"
"3083","New York, NY"
"3084","Atlanta, GA"
"3085","Michigan "
"3086","DC & Murland, Brooklyn, NY"
"3087","United States"
"3088","Des Moines, Iowa"
"3089","Wakanda"
"3090","$ofredores squad "
"3091","Ireland"
"3092","Chicago, IL"
"3093","Louisiana"
"3094","Cranbury, NJ"
"3095","Ourense"
"3096","Baton Rouge, LA"
"3097","Montgomery, AL"
"3098","walking awaaaaaay"
"3099","Doncaster, England"
"3100","Fairfield Bay, AR"
"3101","Bento Gonalves, Rio Grande do"
"3102","Coordinado por @mlalanda"
"3103","Planet Earth"
"3104","Santiago Bernabeu"
"3105","Harrisonburg, VA"
"3106","Nam, Jaha"
"3107","Alwar, India"
"3108","Minneapolis, MN"
"3109","New York, NY"
"3110","puta que pariu"
"3111","Brasil"
"3112","BlogTalkRadio"
"3113","Charlottesville, VA"
"3114","Shelby, OH"
"3115","Macroom, Cork"
"3116","Baltimore MD USA"
"3117","Red Cloud"
"3118","In Lusamines breasts~"
"3119","Germany"
"3120","USA"
"3121","Phila.  Skegee. "
"3122","Great Britain"
"3123","N.O.L.A"
"3124","Cambridge, England"
"3125","Purgatory, Port Orange, FL"
"3126","New York, NY"
"3127","Lahore, Pakistan"
"3128","Galicia, Spain"
"3129","London"
"3130","makassar"
"3131","oahu, hawaii"
"3132","Detroit, MI"
"3133","Columbia, MD"
"3134","Salem "
"3135","Bay City MI"
"3136","Warwick, England"
"3137","Johannesburg, South Africa"
"3138","Centurion"
"3139","Santo Andr, SP  "
"3140","Mecklenburg County, NC"
"3141","UK"
"3142"," 10PM ET on MSNBC"
"3143","Miami Beach, FL"
"3144","Gent, Belgi"
"3145","Detroit, MI"
"3146","Washington, DC"
"3147","California"
"3148","Brussels"
"3149","New York City"
"3150","vadodara"
"3151","USA"
"3152","Santa Catarina, Brasil"
"3153","London, England"
"3154","Rockville, MD"
"3155","Somerville, MA"
"3156","United States"
"3157","Portland, OR"
"3158","Vermont"
"3159","San Ramon, CA"
"3160","Detroit Michigan "
"3161","Nairobi "
"3162","da ghetto, WA"
"3163","jacksonville,Florida"
"3164","England, UK "
"3165","carpenter land"
"3166","Massachusetts, USA"
"3167","Swing State, Ameristan "
"3168","Sarasota, FL"
"3169","Manila, Philippines"
"3170","NEW YORK, BROOKLYN"
"3171","London"
"3172","NOLA "
"3173","Los Angeles, CA  Atlanta, GA"
"3174","Edmonton, Canada"
"3175","Florida, USA"
"3176","Atlanta, GA"
"3177","North East, Md."
"3178","Texas"
"3179","United States"
"3180","Dublin"
"3181","somewhere"
"3182","San Francisco"
"3183","Brookfield"
"3184","Salem, NH"
"3185","Fort Worth, TX"
"3186","Lantana, TX"
"3187","Sandton"
"3188","NYC/LA"
"3189","New Orleans, LA"
"3190","Mathis, Texas (MTX) "
"3191","all the love "
"3192","Boston, MA"
"3193","Australia"
"3194","Vila Velha, Brasil"
"3195","Fetcham, Surrey, UK"
"3196","Rio de Janeiro"
"3197","Texas"
"3198","Roanoke, VA"
"3199","Birmingham, England"
"3200","South Africa"
"3201","Eastern Iowa"
"3202","Cabo Frio, Brasil"
"3203","Cedar Rapids, Iowa"
"3204","Under my Bed"
"3205","Socal"
"3206","Freguesia, Rio de Janeiro"
"3207","Born August 14"
"3208","Linville"
"3209","au palais , au repos"
"3210","Golden, CO"
"3211","Johannesburg, South Africa"
"3212","Burbage, Leics"
"3213","South Africa"
"3214","India"
"3215","Lawrenceburg, IN"
"3216","Bloemfontein, South Africa"
"3217","Pastelillo Land"
"3218","New Brunswick, Canada"
"3219","Lancs,UK"
"3220","Grand Rapids"
"3221","Casa del Gay, Dong Town"
"3222","South Africa"
"3223","Alvorada City"
"3224","craggy island"
"3225","BANJARMASIN"
"3226","Houston, TX"
"3227","Complexo Da Cocada , Nova Iguau "
"3228","my reality"
"3229","Smyrna, DE"
"3230","Saskatoon, Saskatchewan"
"3231","Los Angeles, CA"
"3232","Posted On GStrip W/Kutta&C3"
"3233","Pittsburgh, PA"
"3234","Joo Pessoa, Brasil"
"3235","Itabora, Brasil"
"3236","Umlazi, South Africa"
"3237","Denham Green, South East"
"3238","Boston, MA"
"3239","So Gonalo, Brasil"
"3240","na sua"
"3241","Florida"
"3242","worldwide"
"3243","London, England"
"3244","Jaipur, India"
"3245","+65"
"3246","Brussels"
"3247","Philadelphia, PA"
"3248","Indonesia"
"3249","UNCA"
"3250","So Gonalo, Brasil"
"3251","Malaybalay City, Bukidnon"
"3252","New Delhi"
"3253","Lethbridge, Ab"
"3254","Los Angeles, CA"
"3255","British Columbia, Canada"
"3256","Bay Shore, NY"
"3257","New York, USA"
"3258","Coria, Mesquita"
"3259","NYC"
"3260","Bulgaria"
"3261","Birmingham City FC"
"3262","Nova Iguau, Brasil"
"3263","910 . 813 . 336."
"3264","Matt Terrys bedroom x"
"3265","San Antonio, TX"
"3266","VSL"
"3267","Germany"
"3268","McKinney, TX"
"3269","Brooklyn, NY"
"3270","Delhi, India"
"3271","Rio de Janeiro, Brazil"
"3272","Rochester, Minn."
"3273","Charlotte, NC"
"3274","India"
"3275","near Thunder Bay, Ontario"
"3276","New York, NY"
"3277","Naperville, IL"
"3278","kinda inactive bcs college"
"3279","Columbia, S.C."
"3280","TRASH BIN "
"3281","London via Devon"
"3282","La La Land"
"3283","Your Dreams "
"3284","305 /"
"3285","canada"
"3286","Wales, United Kingdom"
"3287","Rio de Janeiro, Brasil"
"3288","Rio de Janeiro"
"3289","Bucuresti"
"3290","Saskatchewan, Canada"
"3291","Rio de janeiro - ZN"
"3292","Philadelphia, PA"
"3293","Rondnia, Brazil"
"3294","Hogwarts School"
"3295","Rio de Janeiro"
"3296","United States"
"3297","nct china line"
"3298","Turkey"
"3299","Limerick, Ireland"
"3300","South frica"
"3301","At a light, putting on mascara"
"3302","South Florida"
"3303","United States"
"3304","Switzerland/Germany"
"3305","Baltimore"
"3306"," Vaal (Sebokeng)"
"3307","Chicago, IL"
"3308","Sento S, / Juazeiro, Bahia."
"3309","California, USA"
"3310","Colchester, Essex"
"3311","cape town"
"3312","New Brunswick, NJ"
"3313","United States"
"3314","Florida"
"3315","Canada"
"3316","Cambs and Peterborough, UK"
"3317","Canada"
"3318","Saskatchewan, Canada"
"3319","London and around the world"
"3320","Rockville, MD"
"3321","Houston "
"3322","Everywhere"
"3323","516"
"3324","somewhere"
"3325","Johannesburg , South Africa "
"3326","Seoul, Republic of Korea"
"3327","Grindin"
"3328","why? "
"3329","gettin ready to get down"
"3330","Cape Town, South Africa"
"3331","Connecticut, USA"
"3332","Canada"
"3333","Wilmington, North Carolina"
"3334","New York, NY"
"3335","Jackson, Wyoming"
"3336","S. Am Palestine Syria Ukraine"
"3337","Brussels"
"3338","United States"
"3339","Hell, MI"
"3340","Itaipuau"
"3341","Washington, DC"
"3342","Winslow, AZ"
"3343","Richmond, VA"
"3344","Shekhke@hotmail.com"
"3345","Cincinnati, Ohio"
"3346","Metuchen, NJ"
"3347","Central Indiana, USA"
"3348","Miagao Iloilo Philippines"
"3349","Your head "
"3350","Barcelona, Espaa"
"3351","Semi-Canon/AU. "
"3352","delhi"
"3353","Somewhere over the rainbow!"
"3354","Chicago, IL"
"3355","Austin, TX"
"3356","Kingdom of Saudi Arabia"
"3357","Poteet, TX"
"3358","Brasil"
"3359","Bible Belt"
"3360","South Jersey.  "
"3361","Trash Town, USA"
"3362","Zachary, LA"
"3363","London, England"
"3364","Indonesia - Bali-Surabaya"
"3365","West Hurley, NY"
"3366","Iowa"
"3367","South Africa"
"3368","Washington, DC"
"3369","In a fucked up maze."
"3370","South Shields UK"
"3371","Cleveland, Ohio"
"3372","South Africa"
"3373","Al Khobar, Kingdom of Saudi Arabia"
"3374","Indiana"
"3375","VKook's Blood"
"3376","Kuching, Sarawak"
"3377","California"
"3378","Brussels"
"3379","Sri Ganganagar Rajasthan "
"3380","Nero 's warm smile"
"3381","reno via vegas"
"3382","Islamabad, Pakistan"
"3383","#teamCC"
"3384","Detroit, MI"
"3385","USA"
"3386","Pune"
"3387","California, USA"
"3388","United States"
"3389","Lebanon - MENA - United States"
"3390","USA"
"3391","USA"
"3392","Indiana, USA"
"3393","Columbus, OH"
"3394","Cuk Son"
"3395","#EyesWideOpen #KnowYourChemistry"
"3396","Sebastian, FL"
"3397","Manchester, UK"
"3398","975 Crawford Ave, Windsor, ON N9A 6N4, Canada"
"3399","OCRP // ENG - BHS // SEKE - BI"
"3400","Awka"
"3401","New York, NY, USA"
"3402","A Town..d City dat Rocx"
"3403","Chicago, IL"
"3404","Johannesburg Gauteng"
"3405","Toronto, Ontario"
"3406","Maineville, Ohio"
"3407","Bloemfontein, RSA "
"3408","Queensland Australia "
"3409","Fort Smith, AR"
"3410","1321 S. Winchester Blvd, #244, San Jose, CA 95128"
"3411","Tampa, FL and San Diego, CA"
"3412","New York, NY USA"
"3413","Sick bay"
"3414","Illinois, USA"
"3415","027 "
"3416","Moldova"
"3417","Germany / Europe"
"3418","Hogwarts"
"3419","your anal cavity "
"3420","Sulawesi Selatan"
"3421","saint catherine, Jamaica"
"3422","BJ Novak's Ecstasy Factory"
"3423","South Carolina"
"3424","Switzerland"
"3425","dakhla"
"3426","Raritan, New Jersey"
"3427","Montana"
"3428","West Palm Beach, FL"
"3429","London"
"3430","Texas"
"3431","subscribe"
"3432","Ixalan"
"3433","Houston, TX"
"3434","Howell, MI"
"3435","Skyrim (aka. UK)"
"3436","oklahoma city"
"3437","Here, there, everywhere !"
"3438","Grand Rapids, MI"
"3439","#LunaticusCoprea"
"3440","Indonesia"
"3441","London, England"
"3442","South Tyneside, UK"
"3443","Princeton, NJ"
"3444","Monterey Bay, California"
"3445","Tx"
"3446","London"
"3447","Valinhos, Brasil"
"3448","Willis, TX"
"3449","The Banana Republic "
"3450","Dayton, OH"
"3451","Indonesia - West Java"
"3452","Balikpapan"
"3453","Anyland"
"3454","West Des Moines, IA"
"3455","Belgium"
"3456","Minnesota, USA"
"3457","AZ"
"3458","Condorrat, Scotland"
"3459","Tennessee but heart still in Texas"
"3460","Ontario, Canada"
"3461","Airport Terminals"
"3462","Barra de So Joo"
"3463","Houston, TX"
"3464","Wonogiri, Indonesia"
"3465","Auckland, New Zealand"
"3466","#touchlinefracas"
"3467","SoCal"
"3468","Anywhere The Money Is"
"3469","England"
"3470","Ann Arbor, MI"
"3471","stanbul"
"3472","United States"
"3473","Lone Star State, USA"
"3474","Richard's Bay"
"3475","Athens, Greece"
"3476","Manchester, England"
"3477","Rio de Janeiro, Brazil"
"3478","Vitria da Conquista, Brasil"
"3479","Dallas, Texas"
"3480","Never Never Land"
"3481","Colnia, Alemanha"
"3482","Princeton"
"3483","Doylestown, PA"
"3484","Estero, FL"
"3485","Atlanta, GA"
"3486","Moradabad, India"
"3487","Akure, Nigeria"
"3488","Indonesia"
"3489","United States"
"3490","Carpentersville, Illinois"
"3491","Oklahoma, USA"
"3492"," "
"3493","Hutchinson,Kansas"
"3494","876954"
"3495","Ireland"
"3496","Austin, TX"
"3497","United States"
"3498","United States"
"3499","NYC"
"3500","North America"
"3501","U.K. Weaver Vale "
"3502","Jaipur, India"
"3503","Kota Bharu, Kelantan"
"3504","Aberdeen, Scotland"
"3505","JAPAN"
"3506","Atlanta, GA"
"3507","T: 33.367627,-84.679531"
"3508","Mid-Hudson Valley"
"3509","MIDWE$T"
"3510","wherever shahid and jimin is."
"3511","United States"
"3512","313"
"3513","Lambertville, NJ"
"3514","Phoenix, Arizona"
"3515","Victoria, Australia"
"3516","Mississippi"
"3517","In Your Timeline"
"3518","South Jersey"
"3519","East London, South Africa"
"3520","Pipraigaon, India"
"3521","Vosloorus, South Africa"
"3522","Atlanta, GA"
"3523","East Jakarta"
"3524","Quad Cities (IDavenport IA/)"
"3525","Karnataka, India"
"3526","North Region, Singapore"
"3527","Canada"
"3528","Somewhere Left of the Middle"
"3529","anggriawanT"
"3530","kwnmorula's "
"3531","Fort Worth, TX"
"3532","Louisville, KY"
"3533","Leeds"
"3534","Lahore, Pakistan"
"3535","Birmingham, UK soon to be Burntwood, UK again "
"3536","the breakfast club"
"3537","South Africa"
"3538","Washington Post"
"3539","Cebu City, Central Visayas"
"3540","Cleveland, Ohio"
"3541","Anchorage, Alaska"
"3542","Brighton, England"
"3543","New Delhi, India"
"3544","Esprito Santo, Brasil"
"3545","Infectious Diseases Institute."
"3546","Minneapolis"
"3547","021"
"3548","St. Louis, MO"
"3549","Palm Springs, CA"
"3550","So Paulo"
"3551","North Charleston, SC"
"3552","Ukraine"
"3553","block b, wanna one & kdramas"
"3554","United States"
"3555","UK"
"3556","1/17 "
"3557","newcastle upon tyne"
"3558","Canada"
"3559","11.7.1426.8.17"
"3560","Yogyakarta, Indonesia"
"3561","Texas, USA"
"3562","Dallas, TX"
"3563","Everywhere"
"3564","Rio de Janeiro, Brasil"
"3565","Bethesda, Wales"
"3566","Istanbul, Turkey"
"3567","The DJ Booth"
"3568","Heads, I Win. Tails, You Lose."
"3569","West Midlands, England"
"3570","California"
"3571","Derry, Ireland"
"3572","Uk"
"3573","Norway"
"3574","New Mexico, USA"
"3575","Charlottesville, VA"
"3576","Upstate NY"
"3577","pennsylvania"
"3578","Lenteng Agung,Jkt"
"3579","Franklin, MA"
"3580","Zimbabwe"
"3581","Delhi, India"
"3582","Besanon, France"
"3583","Umtata & Durban. South Africa"
"3584","Your Heart"
"3585","northen hemisphere"
"3586","Common Sense, USA"
"3587","Mount Pleasant, MI"
"3588","Cullowhee, NC"
"3589","Jaipur"
"3590","Republic of Korea"
"3591","Providence, RI"
"3592","Spell Valley"
"3593","Hopkinsville, Ky"
"3594","Canada"
"3595","Quietly stacking bricks"
"3596","Acari, Rio de Janeiro"
"3597","Wherever news breaks (Global)"
"3598","Wales, UK"
"3599","___ YazyoR/um    Yazdm ___"
"3600","Michigan, USA"
"3601","Oregon, USA"
"3602","London, England"
"3603","Beirut, Lebanon"
"3604","WI "
"3605","UK"
"3606","Pulkitstan"
"3607","fifth floor"
"3608","Esprito Santo, Brasil"
"3609","USA"
"3610","Hogwarts"
"3611","USA"
"3612","Charleston,SC"
"3613","VA. "
"3614","a onde o flu jogar"
"3615","Indonesia"
"3616","YoonVMin "
"3617","Wisconsin, USA"
"3618","Boston"
"3619","New Delhi, India"
"3620","Trinidad and Tobago"
"3621","Tennessee, USA"
"3622","Athens, Ohio"
"3623","Burlington, Ontario, Canada"
"3624","Sandton, South Africa"
"3625","Harrisburg, NE"
"3626","limpopo,Leeuwfontein & Witbank"
"3627","JAKARTA, INDONESIA"
"3628","enchanted lakes district"
"3629","Hawaii"
"3630","St. Louis, Mo."
"3631","Trumptown Ny"
"3632","T: 0.0,0.0"
"3633","Arkansas, USA"
"3634","My Own Lane"
"3635","Johannesburg, South Africa"
"3636","East, England"
"3637","Feira de Santana, Bahia"
"3638","Parry Sound, Ontario"
"3639","w/soso in London"
"3640","#HPRP"
"3641","United Kingdom"
"3642","Juan Luna st, Dagupan Ext"
"3643","Dublin/Ireland"
"3644","United States"
"3645","Valenzuela City"
"3646","Unknown "
"3647","Ohio"
"3648","Nashville, Tennesse"
"3649","Japan"
"3650","United States"
"3651","South Central Texas"
"3652","Nebraska, USA"
"3653","sao paulo"
"3654","(Capital E) East Texas "
"3655","United States"
"3656","  ,  ,  "
"3657","East Texas on the Trinity "
"3658","Bloemfontein;South Africa "
"3659","Peterborough, Ontario"
"3660","Texas"
"3661","London"
"3662","United States"
"3663","Dodoma, Tanzania"
"3664","hinatas titties"
"3665","Wherever I Lay My Hat"
"3666","Around the world"
"3667","Chile | 5H and LM"
"3668","Dallas, TX"
"3669","Charleston, SC"
"3670","Texas"
"3671","Ekangala, South Africa"
"3672","in the parlance of our times"
"3673","Middle America"
"3674","Kansas, USA"
"3675","BHU varanasi"
"3676","London, England "
"3677","JOLBURG"
"3678","McKean, PA"
"3679","New Delhi, India"
"3680","North West, England"
"3681","Caxias city "
"3682","Hamburg, Deutschland"
"3683","NEREDE OLABLRM"
"3684","My house"
"3685","na sua mente "
"3686","Atlanta, Ga."
"3687","Fullybooked"
"3688","Horn Lake, MS"
"3689","Alexandria, VA"
"3690","Tyrone, PA"
"3691","Maryland, USA"
"3692","Dehradun, India"
"3693","in the World"
"3694","TOKYO"
"3695","behind 5% , TEXAS"
"3696","Columbus, OH"
"3697","Toronto, Ontario, Canada"
"3698","The Empire of Liberty"
"3699","#SPFCsomaOUsome"
"3700","Ghazipur, India"
"3701","Media, PA"
"3702","I luv my India "
"3703","Nenola"
"3704","Durban, South Africa"
"3705","tres rios"
"3706","Tangerang Selatan"
"3707","New Hampshire, USA"
"3708","India"
"3709","Frederick  Maryland"
"3710","Tally-MIA"
"3711","Mediocre Republic"
"3712","Stewhizz"
"3713","wonderland"
"3714","Buffalo, NY"
"3715","Kik:Qv2017"
"3716","Muskegon, MI"
"3717","Kln, Deutschland"
"3718","Mesquita "
"3719","Citrus County, FL"
"3720","Madrid"
"3721","Portugal"
"3722","Fayetteville, AR"
"3723","Rio de Janeiro, Brasil"
"3724","International Website"
"3725","he/him "
"3726","Manhattan, NY"
"3727","218 to 414"
"3728","Stamford Bridge"
"3729","Azania"
"3730","Montreal, QC"
"3731","Rio de Janeiro, Brasil"
"3732","Germany"
"3733","Vila Isabel, Rio de Janeiro"
"3734","Morzine, France"
"3735","Scotland"
"3736","England, United Kingdom"
"3737","Illinois"
"3738","bxd  cruel - 021"
"3739","Sao Paulo, Brazil"
"3740","Turkey"
"3741","Singapore | Seoul "
"3742","Klipfontein Mpumalanga "
"3743","Johannesburg, South Africa"
"3744","NWA & River Valley"
"3745","Malaysia"
"3746","New Delhi"
"3747","Nashville, TN"
"3748","Baltimore, MD"
"3749","Chicago, IL.  UBC 58(union)"
"3750","Rio de Janeiro, Brasil"
"3751","Cape Town, South Africa"
"3752","she/her"
"3753","Dubai - United Arab Emirates"
"3754","Kingsley, IA"
"3755","Omaha, NE"
"3756","Kansas"
"3757","New York, USA"
"3758","Canton, Ohio"
"3759","United Kingdom"
"3760","Connecticut"
"3761","Ardmore, OK "
"3762","USA"
"3763","Bayana, India"
"3764","Austin/Abilene, Texas"
"3765","Scarborough, England"
"3766","Cape Town, South Africa"
"3767","Massachusetts, USA"
"3768","dceu, cmbyn"
"3769","South Africa"
"3770","Johannesburg, South Africa"
"3771","Johannesburg, South Africa /Taung"
"3772","Greater New York Area"
"3773","Indianapolis"
"3774","Niteri, Rio de Janeiro "
"3775","The Isle Of The Lost"
"3776","Botswana"
"3777","almost london"
"3778","Mississippi, USA"
"3779","Minn "
"3780","Tampa, FL"
"3781","Puta que pariu"
"3782","Interzone"
"3783","East London"
"3784","Buffalo, NY"
"3785","Barcelona, Spain"
"3786","South Africa"
"3787","South Africa"
"3788","So Gonalo, Brasil"
"3789","Belluno"
"3790","USA"
"3791","Detroit"
"3792","all around the world"
"3793","Madureira, Rio de Janeiro"
"3794","Washington"
"3795","Denmark"
"3796","bay window"
"3797","Johannesburg, South Africa"
"3798","Ciudad de Mxico, Mexico"
"3799","United States NYC"
"3800","Shandong, China "
"3801","BOSTON-NORFOLK-VIRGINIA BEACH"
"3802","Boston, MA"
"3803","2/2 gx2   england"
"3804","Sarasota,Fl"
"3805","India"
"3806","California, USA"
"3807","Cumhuriyet: 90+4  Ekim Devrimi"
"3808","Virginia, USA"
"3809","USA"
"3810","Johannesburg, South Africa"
"3811","Lincoln, England"
"3812","Manchester, England"
"3813","Drexel Hill, PA"
"3814","jekardahhh"
"3815","Columbus, OH"
"3816","South Western, Pimville "
"3817","Kennesaw GA "
"3818","Love Street"
"3819","Phoenix, Arizona"
"3820","Texas Georgia "
"3821","Edinburgh"
"3822","Johannesburg, South Africa"
"3823","Rio de Janeiro, Brazil"
"3824","Right behind you "
"3825","cramped closet"
"3826","Hyderabad, Sindh"
"3827","United States"
"3828","Dallas, TX"
"3829","Terespolis, Brasil"
"3830","Chicago, IL"
"3831","roma"
"3832","Dundee"
"3833","columbus, ohio"
"3834","Charlotte, NC"
"3835","superhigh heights "
"3836","Mexico"
"3837","Rio de Janeiro, Brasil"
