"","stateList"
"1","iowa"
"2","iowa"
"3","iowa"
"4","iowa"
"5","iowa"
"6","iowa"
"7","iowa"
"8","iowa"
"9","iowa"
"10","iowa"
"11","kansas"
"12","massachusetts"
"13","new york"
"14","kansas"
"15","illinois"
"16","virginia"
"17","texas"
"18","florida"
"19","ohio"
"20","nevada"
"21","california"
"22","alabama"
"23","indiana"
"24","california"
"25","arizona"
"26","new jersey"
"27","kansas"
"28","maryland"
"29","pennsylvania"
"30","hawaii"
"31","nevada"
"32","florida"
"33","kansas"
"34","florida"
"35","illinois"
"36","kansas"
"37","kansas"
"38","california"
"39","massachusetts"
"40","florida"
"41","louisiana"
"42","north carolina"
"43","texas"
"44","indiana"
"45","pennsylvania"
"46","district of columbia"
"47","texas"
"48","pennsylvania"
"49","kansas"
"50","new york"
"51","south dakota"
"52","massachusetts"
"53","virginia"
"54","pennsylvania"
"55","texas"
"56","california"
"57","new jersey"
"58","texas"
"59","georgia"
"60","alaska"
"61","california"
"62","california"
"63","indiana"
"64","wisconsin"
"65","colorado"
"66","ohio"
"67","new mexico"
"68","illinois"
"69","kansas"
"70","new york"
"71","florida"
"72","texas"
"73","new york"
"74","district of columbia"
"75","texas"
"76","washington"
"77","california"
"78","oklahoma"
"79","new york"
"80","kansas"
"81","new york"
"82","utah"
"83","south carolina"
"84","new york"
"85","california"
"86","iowa"
"87","massachusetts"
"88","california"
"89","georgia"
"90","minnesota"
"91","kansas"
"92","ohio"
"93","arizona"
"94","florida"
"95","new york"
"96","louisiana"
"97","georgia"
"98","california"
"99","california"
"100","new york"
"101","alaska"
"102","new mexico"
"103","maine"
"104","texas"
"105","illinois"
"106","new york"
"107","california"
"108","new jersey"
"109","washington"
"110","pennsylvania"
"111","virginia"
"112","indiana"
"113","kansas"
"114","kansas"
"115","california"
"116","north carolina"
"117","georgia"
"118","minnesota"
"119","virginia"
"120","ohio"
"121","louisiana"
"122","california"
"123","minnesota"
"124","oregon"
"125","texas"
"126","california"
"127","maryland"
"128","new york"
"129","california"
"130","massachusetts"
"131","south carolina"
"132","texas"
"133","new jersey"
"134","california"
"135","maryland"
"136","georgia"
"137","south carolina"
"138","wisconsin"
"139","virginia"
"140","north carolina"
"141","texas"
"142","texas"
"143","alaska"
"144","nevada"
"145","west virginia"
"146","new jersey"
"147","ohio"
"148","washington"
"149","california"
"150","district of columbia"
"151","texas"
"152","wisconsin"
"153","michigan"
"154","georgia"
"155","texas"
"156","california"
"157","alabama"
"158","virginia"
"159","ohio"
"160","michigan"
"161","south carolina"
"162","texas"
"163","florida"
"164","florida"
"165","tennessee"
"166","kentucky"
"167","virginia"
"168","kansas"
"169","california"
"170","florida"
"171","texas"
"172","district of columbia"
"173","new york"
"174","michigan"
"175","california"
"176","florida"
"177","california"
"178","mississippi"
"179","california"
"180","kansas"
"181","virginia"
"182","virginia"
"183","virginia"
"184","virginia"
"185","district of columbia"
"186","arizona"
"187","indiana"
"188","texas"
"189","north carolina"
"190","georgia"
"191","new mexico"
"192","new jersey"
"193","new jersey"
"194","michigan"
"195","iowa"
"196","illinois"
"197","kansas"
"198","florida"
"199","new york"
"200","florida"
"201","california"
"202","connecticut"
"203","massachusetts"
"204","california"
"205","new york"
"206","new york"
"207","kansas"
"208","georgia"
"209","california"
"210","south carolina"
"211","wisconsin"
"212","ohio"
"213","california"
"214","missouri"
"215","district of columbia"
"216","massachusetts"
"217","colorado"
"218","minnesota"
"219","california"
"220","oklahoma"
"221","utah"
"222","ohio"
"223","missouri"
"224","north carolina"
"225","pennsylvania"
"226","massachusetts"
"227","kansas"
"228","texas"
"229","colorado"
"230","florida"
"231","oklahoma"
"232","tennessee"
"233","pennsylvania"
"234","new york"
"235","texas"
"236","kansas"
"237","washington"
"238","tennessee"
"239","illinois"
"240","pennsylvania"
"241","colorado"
"242","texas"
"243","washington"
"244","new york"
"245","california"
"246","california"
"247","georgia"
"248","florida"
"249","alabama"
"250","maryland"
"251","california"
"252","alabama"
"253","alabama"
"254","new jersey"
"255","maryland"
"256","georgia"
"257","new jersey"
"258","oregon"
"259","california"
"260","california"
"261","tennessee"
"262","kansas"
"263","california"
"264","michigan"
"265","massachusetts"
"266","washington"
"267","california"
"268","florida"
"269","pennsylvania"
"270","california"
"271","tennessee"
"272","california"
"273","illinois"
"274","california"
"275","new york"
"276","kansas"
"277","alabama"
"278","new york"
"279","ohio"
"280","arizona"
"281","indiana"
"282","arizona"
"283","illinois"
"284","pennsylvania"
"285","indiana"
"286","oregon"
"287","idaho"
"288","california"
"289","rhode island"
"290","california"
"291","california"
"292","pennsylvania"
"293","texas"
"294","colorado"
"295","wisconsin"
"296","kansas"
"297","california"
"298","pennsylvania"
"299","georgia"
"300","arizona"
"301","oklahoma"
"302","wisconsin"
"303","new york"
"304","district of columbia"
"305","maine"
"306","texas"
"307","kansas"
"308","illinois"
"309","pennsylvania"
"310","illinois"
"311","california"
"312","ohio"
"313","missouri"
"314","texas"
"315","tennessee"
"316","illinois"
"317","minnesota"
"318","oklahoma"
"319","georgia"
"320","minnesota"
"321","new york"
"322","california"
"323","colorado"
"324","michigan"
"325","connecticut"
"326","florida"
"327","texas"
"328","kansas"
"329","georgia"
"330","tennessee"
"331","new york"
"332","texas"
"333","kansas"
"334","new jersey"
"335","north carolina"
"336","oklahoma"
"337","kansas"
"338","north carolina"
"339","mississippi"
"340","california"
"341","wisconsin"
"342","florida"
"343","california"
"344","west virginia"
"345","illinois"
"346","new york"
"347","kansas"
"348","california"
"349","new york"
"350","virginia"
"351","illinois"
"352","north carolina"
"353","tennessee"
"354","rhode island"
"355","connecticut"
"356","texas"
"357","texas"
"358","texas"
"359","florida"
"360","texas"
"361","california"
"362","maryland"
"363","washington"
"364","florida"
"365","florida"
"366","new york"
"367","new jersey"
"368","california"
"369","louisiana"
"370","washington"
"371","new york"
"372","texas"
"373","california"
"374","illinois"
"375","south dakota"
"376","wisconsin"
"377","new york"
"378","connecticut"
"379","idaho"
"380","tennessee"
"381","kansas"
"382","texas"
"383","kansas"
"384","california"
"385","new jersey"
"386","kansas"
"387","texas"
"388","district of columbia"
"389","alabama"
"390","california"
"391","tennessee"
"392","new york"
"393","iowa"
"394","michigan"
"395","virginia"
"396","north carolina"
"397","north carolina"
"398","california"
"399","minnesota"
"400","tennessee"
"401","texas"
"402","massachusetts"
"403","oregon"
"404","georgia"
"405","massachusetts"
"406","missouri"
"407","illinois"
"408","indiana"
"409","california"
"410","kansas"
"411","iowa"
"412","arizona"
"413","maine"
"414","illinois"
"415","california"
"416","california"
"417","ohio"
"418","virginia"
"419","georgia"
"420","kansas"
"421","oklahoma"
"422","texas"
"423","louisiana"
"424","texas"
"425","kansas"
"426","ohio"
"427","florida"
"428","california"
"429","ohio"
"430","pennsylvania"
"431","ohio"
"432","new york"
"433","new york"
"434","texas"
"435","arizona"
"436","missouri"
"437","north carolina"
"438","illinois"
"439","pennsylvania"
"440","texas"
"441","oregon"
"442","california"
"443","minnesota"
"444","new york"
"445","north carolina"
"446","texas"
"447","kansas"
"448","illinois"
"449","new york"
"450","colorado"
"451","maine"
"452","colorado"
"453","nevada"
"454","california"
"455","new york"
"456","georgia"
"457","texas"
"458","california"
"459","florida"
"460","california"
"461","louisiana"
"462","florida"
"463","virginia"
"464","wisconsin"
"465","wyoming"
"466","new york"
"467","texas"
"468","illinois"
"469","north carolina"
"470","oregon"
"471","arizona"
"472","delaware"
"473","district of columbia"
"474","california"
"475","district of columbia"
"476","texas"
"477","new york"
"478","california"
"479","michigan"
"480","hawaii"
"481","new jersey"
"482","district of columbia"
"483","arizona"
"484","kansas"
"485","florida"
"486","texas"
"487","new jersey"
"488","pennsylvania"
"489","kansas"
"490","idaho"
"491","south carolina"
"492","arizona"
"493","georgia"
"494","alabama"
"495","georgia"
"496","texas"
"497","california"
"498","connecticut"
"499","california"
"500","california"
"501","kansas"
"502","indiana"
"503","california"
"504","washington"
"505","wisconsin"
"506","montana"
"507","texas"
"508","california"
"509","north carolina"
"510","florida"
"511","tennessee"
"512","missouri"
"513","minnesota"
"514","indiana"
"515","michigan"
"516","ohio"
"517","virginia"
"518","michigan"
"519","texas"
"520","pennsylvania"
"521","new jersey"
"522","virginia"
"523","tennessee"
"524","new york"
"525","florida"
"526","texas"
"527","minnesota"
"528","ohio"
"529","california"
"530","florida"
"531","california"
"532","massachusetts"
"533","washington"
"534","california"
"535","new jersey"
"536","wisconsin"
"537","texas"
"538","florida"
"539","texas"
"540","new jersey"
"541","maryland"
"542","indiana"
"543","colorado"
"544","indiana"
"545","district of columbia"
"546","florida"
"547","new york"
"548","kansas"
"549","virginia"
"550","new york"
"551","michigan"
"552","new jersey"
"553","new york"
"554","nebraska"
"555","district of columbia"
"556","ohio"
"557","utah"
"558","washington"
"559","texas"
"560","south carolina"
"561","california"
"562","california"
"563","pennsylvania"
"564","georgia"
"565","california"
"566","district of columbia"
"567","ohio"
"568","louisiana"
"569","california"
"570","north carolina"
"571","arizona"
"572","kansas"
"573","district of columbia"
"574","ohio"
"575","california"
"576","california"
"577","california"
"578","new jersey"
"579","ohio"
"580","missouri"
"581","utah"
"582","florida"
"583","tennessee"
"584","wisconsin"
"585","louisiana"
"586","florida"
"587","california"
"588","maryland"
"589","new york"
"590","florida"
"591","kansas"
"592","south carolina"
"593","michigan"
"594","arizona"
"595","louisiana"
"596","ohio"
"597","oregon"
"598","georgia"
"599","illinois"
"600","maryland"
"601","texas"
"602","virginia"
"603","oregon"
"604","rhode island"
"605","georgia"
"606","virginia"
"607","north carolina"
"608","new jersey"
"609","new york"
"610","new york"
"611","rhode island"
"612","new jersey"
"613","connecticut"
"614","north carolina"
"615","pennsylvania"
"616","california"
"617","massachusetts"
"618","kentucky"
"619","new york"
"620","texas"
"621","colorado"
"622","florida"
"623","texas"
"624","new mexico"
"625","pennsylvania"
"626","oklahoma"
"627","georgia"
"628","california"
"629","district of columbia"
"630","texas"
"631","california"
"632","georgia"
"633","new jersey"
"634","new york"
"635","district of columbia"
"636","california"
"637","indiana"
"638","indiana"
"639","delaware"
"640","florida"
"641","california"
"642","pennsylvania"
"643","alabama"
"644","district of columbia"
"645","kansas"
"646","virginia"
"647","california"
"648","new york"
"649","massachusetts"
"650","california"
"651","texas"
"652","maryland"
"653","texas"
"654","new york"
"655","new york"
"656","california"
"657","texas"
"658","washington"
"659","california"
"660","texas"
"661","kansas"
"662","vermont"
"663","tennessee"
"664","georgia"
"665","alabama"
"666","new york"
"667","tennessee"
"668","alabama"
"669","michigan"
"670","california"
"671","california"
"672","kansas"
"673","new york"
"674","georgia"
"675","michigan"
"676","district of columbia"
"677","kansas"
"678","iowa"
"679","wisconsin"
"680","illinois"
"681","louisiana"
"682","new jersey"
"683","louisiana"
"684","alabama"
"685","virginia"
"686","minnesota"
"687","new york"
"688","virginia"
"689","ohio"
"690","maryland"
"691","nebraska"
"692","kansas"
"693","new york"
"694","hawaii"
"695","michigan"
"696","maryland"
"697","massachusetts"
"698","michigan"
"699","michigan"
"700","district of columbia"
"701","california"
"702","new york"
"703","kansas"
"704","maryland"
"705","massachusetts"
"706","kansas"
"707","oregon"
"708","vermont"
"709","california"
"710","michigan"
"711","florida"
"712","north carolina"
"713","new york"
"714","florida"
"715","georgia"
"716","texas"
"717","kansas"
"718","oklahoma"
"719","california"
"720","texas"
"721","texas"
"722","new york"
"723","texas"
"724","iowa"
"725","iowa"
"726","new york"
"727","indiana"
"728","michigan"
"729","texas"
"730","kentucky"
"731","delaware"
"732","pennsylvania"
"733","new hampshire"
"734","oklahoma"
"735","pennsylvania"
"736","north carolina"
"737","california"
"738","illinois"
"739","arizona"
"740","ohio"
"741","kansas"
"742","arkansas"
"743","wisconsin"
"744","michigan"
"745","pennsylvania"
"746","texas"
"747","california"
"748","north carolina"
"749","texas"
"750","ohio"
"751","tennessee"
"752","california"
"753","virginia"
"754","kansas"
"755","texas"
"756","florida"
"757","texas"
"758","ohio"
"759","ohio"
"760","california"
"761","arkansas"
"762","texas"
"763","texas"
"764","kansas"
"765","texas"
"766","texas"
"767","texas"
"768","california"
"769","maryland"
"770","kansas"
"771","utah"
"772","texas"
"773","kansas"
"774","texas"
"775","arizona"
"776","north carolina"
"777","delaware"
"778","california"
"779","pennsylvania"
"780","georgia"
"781","florida"
"782","minnesota"
"783","kansas"
"784","connecticut"
"785","nebraska"
"786","colorado"
"787","texas"
"788","ohio"
"789","louisiana"
"790","new york"
"791","kansas"
"792","alaska"
"793","texas"
"794","connecticut"
"795","new hampshire"
"796","new york"
"797","california"
"798","california"
"799","california"
"800","california"
"801","colorado"
"802","north carolina"
"803","arkansas"
"804","maryland"
"805","district of columbia"
"806","kentucky"
"807","texas"
"808","california"
"809","iowa"
"810","new york"
"811","california"
"812","pennsylvania"
"813","texas"
"814","vermont"
"815","california"
"816","illinois"
"817","ohio"
"818","kansas"
"819","texas"
"820","new york"
"821","texas"
"822","new york"
"823","california"
"824","south dakota"
"825","texas"
"826","kansas"
"827","illinois"
"828","texas"
"829","new jersey"
"830","kansas"
"831","new york"
"832","wisconsin"
"833","california"
"834","california"
"835","missouri"
"836","colorado"
"837","illinois"
"838","colorado"
"839","new jersey"
"840","pennsylvania"
"841","connecticut"
"842","new york"
"843","kansas"
"844","california"
"845","utah"
"846","texas"
"847","alabama"
"848","louisiana"
"849","indiana"
"850","texas"
"851","oregon"
"852","california"
"853","florida"
"854","nebraska"
"855","michigan"
"856","connecticut"
"857","tennessee"
"858","north carolina"
"859","georgia"
"860","maryland"
"861","nevada"
"862","kansas"
"863","ohio"
"864","idaho"
"865","georgia"
"866","texas"
"867","florida"
"868","maryland"
"869","north carolina"
"870","california"
"871","florida"
"872","michigan"
"873","pennsylvania"
"874","district of columbia"
"875","georgia"
"876","pennsylvania"
"877","new york"
"878","maine"
"879","utah"
"880","south carolina"
"881","pennsylvania"
"882","south carolina"
"883","michigan"
"884","california"
"885","new york"
"886","district of columbia"
"887","missouri"
"888","wyoming"
"889","kansas"
"890","illinois"
"891","district of columbia"
"892","nevada"
"893","new york"
"894","alabama"
"895","florida"
"896","california"
"897","michigan"
"898","connecticut"
"899","georgia"
"900","wyoming"
"901","ohio"
"902","missouri"
"903","california"
"904","missouri"
"905","ohio"
"906","idaho"
"907","new mexico"
"908","california"
"909","colorado"
"910","indiana"
"911","kansas"
"912","illinois"
"913","kansas"
"914","missouri"
"915","nevada"
"916","colorado"
"917","hawaii"
"918","tennessee"
"919","wisconsin"
"920","pennsylvania"
"921","massachusetts"
"922","kansas"
"923","new mexico"
"924","michigan"
"925","kansas"
"926","kansas"
"927","colorado"
"928","michigan"
"929","massachusetts"
"930","new hampshire"
"931","missouri"
"932","california"
"933","california"
"934","kansas"
"935","california"
"936","pennsylvania"
"937","georgia"
"938","connecticut"
"939","district of columbia"
"940","california"
"941","florida"
"942","texas"
"943","district of columbia"
"944","kansas"
"945","new york"
"946","new jersey"
"947","idaho"
"948","florida"
"949","georgia"
"950","florida"
"951","oklahoma"
"952","texas"
"953","new york"
"954","california"
"955","new york"
"956","california"
"957","kansas"
"958","district of columbia"
"959","oklahoma"
"960","north carolina"
"961","kansas"
"962","missouri"
"963","massachusetts"
"964","district of columbia"
"965","texas"
"966","virginia"
"967","washington"
"968","texas"
"969","michigan"
"970","california"
"971","florida"
"972","pennsylvania"
"973","oklahoma"
"974","california"
"975","california"
"976","massachusetts"
"977","iowa"
"978","massachusetts"
"979","connecticut"
"980","florida"
"981","illinois"
"982","california"
"983","california"
"984","illinois"
"985","connecticut"
"986","kansas"
"987","kansas"
"988","minnesota"
"989","kansas"
"990","new york"
"991","california"
"992","missouri"
"993","texas"
"994","indiana"
"995","ohio"
"996","tennessee"
"997","rhode island"
"998","california"
"999","new york"
"1000","new york"
"1001","ohio"
"1002","texas"
"1003","wisconsin"
"1004","kansas"
"1005","massachusetts"
"1006","new york"
"1007","kansas"
"1008","wisconsin"
"1009","california"
"1010","california"
"1011","california"
"1012","florida"
"1013","nevada"
"1014","iowa"
"1015","wisconsin"
"1016","connecticut"
"1017","new york"
"1018","minnesota"
"1019","new york"
"1020","illinois"
"1021","illinois"
"1022","california"
"1023","new york"
"1024","georgia"
"1025","tennessee"
"1026","california"
"1027","new york"
"1028","indiana"
"1029","pennsylvania"
"1030","florida"
"1031","oklahoma"
"1032","oregon"
"1033","california"
"1034","florida"
"1035","california"
"1036","kansas"
"1037","tennessee"
"1038","california"
"1039","north carolina"
"1040","nevada"
"1041","massachusetts"
"1042","texas"
"1043","nevada"
"1044","texas"
"1045","florida"
"1046","new york"
"1047","new york"
"1048","maryland"
"1049","new york"
"1050","west virginia"
"1051","kentucky"
"1052","oklahoma"
"1053","new york"
"1054","virginia"
"1055","georgia"
"1056","maryland"
"1057","tennessee"
"1058","california"
"1059","california"
"1060","new york"
"1061","new york"
"1062","virginia"
"1063","new york"
"1064","nevada"
"1065","california"
"1066","kansas"
"1067","california"
"1068","california"
"1069","massachusetts"
"1070","kansas"
"1071","washington"
"1072","massachusetts"
"1073","new york"
"1074","florida"
"1075","california"
"1076","pennsylvania"
"1077","california"
"1078","virginia"
"1079","new york"
"1080","kansas"
"1081","texas"
"1082","new york"
"1083","georgia"
"1084","wisconsin"
"1085","florida"
"1086","arizona"
"1087","new jersey"
"1088","missouri"
"1089","new york"
"1090","georgia"
"1091","colorado"
"1092","ohio"
"1093","oregon"
"1094","california"
"1095","texas"
"1096","tennessee"
"1097","maryland"
"1098","new york"
"1099","new york"
"1100","north carolina"
"1101","new york"
"1102","kentucky"
"1103","california"
"1104","alabama"
"1105","ohio"
"1106","arizona"
"1107","california"
"1108","florida"
"1109","california"
"1110","maryland"
"1111","louisiana"
"1112","ohio"
"1113","oklahoma"
"1114","montana"
"1115","texas"
"1116","texas"
"1117","massachusetts"
"1118","virginia"
"1119","oregon"
"1120","washington"
"1121","texas"
"1122","indiana"
"1123","texas"
"1124","ohio"
"1125","texas"
"1126","pennsylvania"
"1127","new york"
"1128","new york"
"1129","district of columbia"
"1130","vermont"
"1131","new jersey"
"1132","california"
"1133","texas"
"1134","california"
"1135","california"
"1136","north dakota"
"1137","illinois"
"1138","pennsylvania"
"1139","iowa"
"1140","new york"
"1141","maryland"
"1142","rhode island"
"1143","florida"
"1144","california"
"1145","new jersey"
"1146","california"
"1147","new york"
"1148","district of columbia"
"1149","louisiana"
"1150","vermont"
"1151","kansas"
"1152","california"
"1153","new york"
"1154","minnesota"
"1155","nebraska"
"1156","new york"
"1157","california"
"1158","pennsylvania"
"1159","texas"
"1160","colorado"
"1161","kansas"
"1162","california"
"1163","texas"
"1164","pennsylvania"
"1165","illinois"
"1166","maryland"
"1167","washington"
"1168","texas"
"1169","texas"
"1170","colorado"
"1171","indiana"
"1172","kansas"
"1173","california"
"1174","louisiana"
"1175","california"
"1176","missouri"
"1177","massachusetts"
"1178","georgia"
"1179","ohio"
"1180","california"
"1181","florida"
"1182","texas"
"1183","washington"
"1184","ohio"
"1185","nevada"
"1186","wisconsin"
"1187","north carolina"
"1188","new york"
"1189","illinois"
"1190","new york"
"1191","idaho"
"1192","delaware"
"1193","new york"
"1194","louisiana"
"1195","illinois"
"1196","illinois"
"1197","alabama"
"1198","texas"
"1199","california"
"1200","ohio"
"1201","ohio"
"1202","new york"
"1203","new mexico"
"1204","south carolina"
"1205","maine"
"1206","oklahoma"
"1207","utah"
"1208","minnesota"
"1209","new york"
"1210","kansas"
"1211","new york"
"1212","arkansas"
"1213","ohio"
"1214","south carolina"
"1215","virginia"
"1216","minnesota"
"1217","pennsylvania"
"1218","louisiana"
"1219","california"
"1220","wisconsin"
"1221","texas"
"1222","maryland"
"1223","new york"
"1224","missouri"
"1225","louisiana"
"1226","new york"
"1227","georgia"
"1228","california"
"1229","nebraska"
"1230","florida"
"1231","louisiana"
"1232","arkansas"
"1233","new york"
"1234","maryland"
"1235","california"
"1236","florida"
"1237","arizona"
"1238","new jersey"
"1239","district of columbia"
"1240","new york"
"1241","massachusetts"
"1242","massachusetts"
"1243","kansas"
"1244","texas"
"1245","west virginia"
"1246","florida"
"1247","texas"
"1248","virginia"
"1249","michigan"
"1250","kansas"
"1251","new york"
"1252","south carolina"
"1253","oklahoma"
"1254","washington"
"1255","delaware"
"1256","california"
"1257","pennsylvania"
"1258","california"
"1259","new york"
"1260","district of columbia"
"1261","kansas"
"1262","georgia"
"1263","california"
"1264","georgia"
"1265","alabama"
"1266","california"
"1267","pennsylvania"
"1268","virginia"
"1269","california"
"1270","maryland"
"1271","kentucky"
"1272","california"
"1273","oregon"
"1274","north carolina"
"1275","california"
"1276","maryland"
"1277","north carolina"
"1278","wisconsin"
"1279","texas"
"1280","california"
"1281","illinois"
"1282","texas"
"1283","minnesota"
"1284","north carolina"
"1285","district of columbia"
"1286","washington"
"1287","florida"
"1288","wisconsin"
"1289","florida"
"1290","arizona"
"1291","nevada"
"1292","california"
"1293","virginia"
"1294","arkansas"
"1295","georgia"
"1296","illinois"
"1297","iowa"
"1298","wisconsin"
"1299","massachusetts"
"1300","california"
"1301","california"
"1302","minnesota"
"1303","new york"
"1304","delaware"
"1305","texas"
"1306","kansas"
"1307","vermont"
"1308","california"
"1309","wisconsin"
"1310","new york"
"1311","oklahoma"
"1312","tennessee"
"1313","california"
"1314","new mexico"
"1315","kansas"
"1316","district of columbia"
"1317","kansas"
"1318","california"
"1319","kansas"
"1320","colorado"
"1321","texas"
"1322","texas"
"1323","california"
"1324","hawaii"
"1325","arkansas"
"1326","florida"
"1327","oklahoma"
"1328","delaware"
"1329","alabama"
"1330","california"
"1331","louisiana"
"1332","california"
"1333","texas"
"1334","texas"
"1335","iowa"
"1336","michigan"
"1337","oregon"
"1338","kentucky"
"1339","washington"
"1340","maryland"
"1341","california"
"1342","massachusetts"
"1343","new mexico"
"1344","new york"
"1345","michigan"
"1346","utah"
"1347","kansas"
"1348","virginia"
"1349","kansas"
"1350","california"
"1351","texas"
"1352","texas"
"1353","ohio"
"1354","california"
"1355","wyoming"
"1356","kansas"
"1357","kansas"
"1358","kansas"
"1359","texas"
"1360","georgia"
"1361","connecticut"
"1362","wisconsin"
"1363","wisconsin"
"1364","new york"
"1365","illinois"
"1366","texas"
"1367","kansas"
"1368","district of columbia"
"1369","california"
"1370","california"
"1371","tennessee"
"1372","georgia"
"1373","missouri"
"1374","texas"
"1375","wisconsin"
"1376","texas"
"1377","arizona"
"1378","wisconsin"
"1379","arkansas"
"1380","illinois"
"1381","texas"
"1382","oregon"
"1383","new york"
"1384","california"
"1385","texas"
"1386","oklahoma"
"1387","maryland"
"1388","michigan"
"1389","new york"
"1390","pennsylvania"
"1391","michigan"
"1392","missouri"
"1393","new york"
"1394","connecticut"
"1395","massachusetts"
"1396","california"
"1397","new york"
"1398","new york"
"1399","south carolina"
"1400","wisconsin"
"1401","ohio"
"1402","california"
"1403","missouri"
"1404","district of columbia"
"1405","massachusetts"
"1406","colorado"
"1407","minnesota"
"1408","california"
"1409","oklahoma"
"1410","florida"
"1411","kansas"
"1412","utah"
"1413","ohio"
"1414","missouri"
"1415","pennsylvania"
"1416","pennsylvania"
"1417","massachusetts"
"1418","kansas"
"1419","texas"
"1420","colorado"
"1421","florida"
"1422","kansas"
"1423","tennessee"
"1424","pennsylvania"
"1425","new york"
"1426","texas"
"1427","kansas"
"1428","washington"
"1429","tennessee"
"1430","pennsylvania"
"1431","colorado"
"1432","texas"
"1433","washington"
"1434","new york"
"1435","california"
"1436","georgia"
"1437","florida"
"1438","alabama"
"1439","maryland"
"1440","pennsylvania"
"1441","pennsylvania"
"1442","california"
"1443","alabama"
"1444","california"
"1445","alabama"
"1446","new jersey"
"1447","maryland"
"1448","georgia"
"1449","california"
"1450","california"
"1451","tennessee"
"1452","kansas"
"1453","california"
"1454","michigan"
"1455","massachusetts"
"1456","washington"
"1457","california"
"1458","florida"
"1459","pennsylvania"
"1460","california"
"1461","tennessee"
"1462","california"
"1463","illinois"
"1464","california"
"1465","minnesota"
"1466","kansas"
"1467","new york"
"1468","indiana"
"1469","florida"
"1470","washington"
"1471","pennsylvania"
"1472","indiana"
"1473","oregon"
"1474","idaho"
"1475","california"
"1476","rhode island"
"1477","california"
"1478","california"
"1479","texas"
"1480","california"
"1481","pennsylvania"
"1482","texas"
"1483","colorado"
"1484","wisconsin"
"1485","kansas"
"1486","california"
"1487","pennsylvania"
"1488","georgia"
"1489","wisconsin"
"1490","kansas"
"1491","texas"
"1492","california"
"1493","arizona"
"1494","district of columbia"
"1495","texas"
"1496","texas"
"1497","pennsylvania"
"1498","illinois"
"1499","pennsylvania"
"1500","texas"
"1501","california"
"1502","ohio"
"1503","missouri"
"1504","illinois"
"1505","texas"
"1506","tennessee"
"1507","new york"
"1508","illinois"
"1509","minnesota"
"1510","oklahoma"
"1511","georgia"
"1512","minnesota"
"1513","new york"
"1514","california"
"1515","colorado"
"1516","michigan"
"1517","connecticut"
"1518","florida"
"1519","california"
"1520","texas"
"1521","kansas"
"1522","georgia"
"1523","tennessee"
"1524","new york"
"1525","texas"
"1526","kansas"
"1527","colorado"
"1528","nebraska"
"1529","florida"
"1530","wisconsin"
"1531","kansas"
"1532","california"
"1533","florida"
"1534","michigan"
"1535","missouri"
"1536","missouri"
"1537","district of columbia"
"1538","michigan"
"1539","washington"
"1540","texas"
"1541","washington"
"1542","california"
"1543","kansas"
"1544","pennsylvania"
"1545","north dakota"
"1546","florida"
"1547","florida"
"1548","illinois"
"1549","new york"
"1550","nevada"
"1551","missouri"
"1552","new mexico"
"1553","south carolina"
"1554","kentucky"
"1555","oregon"
"1556","minnesota"
"1557","pennsylvania"
"1558","new york"
"1559","california"
"1560","south dakota"
"1561","pennsylvania"
"1562","florida"
"1563","florida"
"1564","connecticut"
"1565","kansas"
"1566","minnesota"
"1567","idaho"
"1568","new jersey"
"1569","kansas"
"1570","north carolina"
"1571","pennsylvania"
"1572","ohio"
"1573","kansas"
"1574","california"
"1575","district of columbia"
"1576","california"
"1577","district of columbia"
"1578","louisiana"
"1579","texas"
"1580","florida"
"1581","indiana"
"1582","new york"
"1583","florida"
"1584","maryland"
"1585","michigan"
"1586","ohio"
"1587","washington"
"1588","texas"
"1589","california"
"1590","new york"
"1591","california"
"1592","florida"
"1593","indiana"
"1594","colorado"
"1595","california"
"1596","north carolina"
"1597","texas"
"1598","new york"
"1599","kansas"
"1600","north carolina"
"1601","virginia"
"1602","oklahoma"
"1603","massachusetts"
"1604","colorado"
"1605","florida"
"1606","california"
"1607","california"
"1608","texas"
"1609","massachusetts"
"1610","california"
"1611","california"
"1612","kansas"
"1613","north carolina"
"1614","georgia"
"1615","virginia"
"1616","minnesota"
"1617","california"
"1618","new york"
"1619","florida"
"1620","new jersey"
"1621","new york"
"1622","district of columbia"
"1623","north carolina"
"1624","district of columbia"
"1625","california"
"1626","utah"
"1627","north carolina"
"1628","michigan"
"1629","florida"
"1630","north carolina"
"1631","connecticut"
"1632","texas"
"1633","indiana"
"1634","pennsylvania"
"1635","massachusetts"
"1636","kansas"
"1637","massachusetts"
"1638","california"
"1639","new york"
"1640","indiana"
"1641","kansas"
"1642","connecticut"
"1643","california"
"1644","north carolina"
"1645","kansas"
"1646","colorado"
"1647","illinois"
"1648","massachusetts"
"1649","pennsylvania"
"1650","massachusetts"
"1651","washington"
"1652","minnesota"
"1653","idaho"
"1654","wisconsin"
"1655","oregon"
"1656","illinois"
"1657","georgia"
"1658","kansas"
"1659","arizona"
"1660","oregon"
"1661","new york"
"1662","new york"
"1663","mississippi"
"1664","texas"
"1665","maine"
"1666","kansas"
"1667","missouri"
"1668","california"
"1669","kansas"
"1670","florida"
"1671","florida"
"1672","illinois"
"1673","connecticut"
"1674","iowa"
"1675","michigan"
"1676","arizona"
"1677","michigan"
"1678","massachusetts"
"1679","illinois"
"1680","california"
"1681","ohio"
"1682","missouri"
"1683","california"
"1684","michigan"
"1685","illinois"
"1686","texas"
"1687","texas"
"1688","texas"
"1689","florida"
"1690","iowa"
"1691","idaho"
"1692","california"
"1693","texas"
"1694","california"
"1695","iowa"
"1696","georgia"
"1697","california"
"1698","north carolina"
"1699","kansas"
"1700","oregon"
"1701","new hampshire"
